-- MySQL dump 10.13  Distrib 8.0.25, for Linux (x86_64)
--
-- Host: localhost    Database: tictac
-- ------------------------------------------------------
-- Server version	8.0.25-0ubuntu0.20.04.1

/*!40101 SET @OLD_CHARACTER_SET_CLIENT=@@CHARACTER_SET_CLIENT */;
/*!40101 SET @OLD_CHARACTER_SET_RESULTS=@@CHARACTER_SET_RESULTS */;
/*!40101 SET @OLD_COLLATION_CONNECTION=@@COLLATION_CONNECTION */;
/*!50503 SET NAMES utf8mb4 */;
/*!40103 SET @OLD_TIME_ZONE=@@TIME_ZONE */;
/*!40103 SET TIME_ZONE='+00:00' */;
/*!40014 SET @OLD_UNIQUE_CHECKS=@@UNIQUE_CHECKS, UNIQUE_CHECKS=0 */;
/*!40014 SET @OLD_FOREIGN_KEY_CHECKS=@@FOREIGN_KEY_CHECKS, FOREIGN_KEY_CHECKS=0 */;
/*!40101 SET @OLD_SQL_MODE=@@SQL_MODE, SQL_MODE='NO_AUTO_VALUE_ON_ZERO' */;
/*!40111 SET @OLD_SQL_NOTES=@@SQL_NOTES, SQL_NOTES=0 */;

--
-- Table structure for table `failed_jobs`
--

DROP TABLE IF EXISTS `failed_jobs`;
/*!40101 SET @saved_cs_client     = @@character_set_client */;
/*!50503 SET character_set_client = utf8mb4 */;
CREATE TABLE `failed_jobs` (
  `id` bigint unsigned NOT NULL AUTO_INCREMENT,
  `uuid` varchar(255) COLLATE utf8mb4_unicode_ci NOT NULL,
  `connection` text COLLATE utf8mb4_unicode_ci NOT NULL,
  `queue` text COLLATE utf8mb4_unicode_ci NOT NULL,
  `payload` longtext COLLATE utf8mb4_unicode_ci NOT NULL,
  `exception` longtext COLLATE utf8mb4_unicode_ci NOT NULL,
  `failed_at` timestamp NOT NULL DEFAULT CURRENT_TIMESTAMP,
  PRIMARY KEY (`id`),
  UNIQUE KEY `failed_jobs_uuid_unique` (`uuid`)
) ENGINE=InnoDB DEFAULT CHARSET=utf8mb4 COLLATE=utf8mb4_unicode_ci;
/*!40101 SET character_set_client = @saved_cs_client */;

--
-- Dumping data for table `failed_jobs`
--

LOCK TABLES `failed_jobs` WRITE;
/*!40000 ALTER TABLE `failed_jobs` DISABLE KEYS */;
/*!40000 ALTER TABLE `failed_jobs` ENABLE KEYS */;
UNLOCK TABLES;

--
-- Table structure for table `migrations`
--

DROP TABLE IF EXISTS `migrations`;
/*!40101 SET @saved_cs_client     = @@character_set_client */;
/*!50503 SET character_set_client = utf8mb4 */;
CREATE TABLE `migrations` (
  `id` int unsigned NOT NULL AUTO_INCREMENT,
  `migration` varchar(255) COLLATE utf8mb4_unicode_ci NOT NULL,
  `batch` int NOT NULL,
  PRIMARY KEY (`id`)
) ENGINE=InnoDB AUTO_INCREMENT=7 DEFAULT CHARSET=utf8mb4 COLLATE=utf8mb4_unicode_ci;
/*!40101 SET character_set_client = @saved_cs_client */;

--
-- Dumping data for table `migrations`
--

LOCK TABLES `migrations` WRITE;
/*!40000 ALTER TABLE `migrations` DISABLE KEYS */;
INSERT INTO `migrations` VALUES (1,'2014_10_12_000000_create_users_table',1),(2,'2014_10_12_100000_create_password_resets_table',1),(3,'2019_08_19_000000_create_failed_jobs_table',1),(4,'2019_12_14_000001_create_personal_access_tokens_table',1),(6,'2022_03_22_215952_create_partidas_table',2);
/*!40000 ALTER TABLE `migrations` ENABLE KEYS */;
UNLOCK TABLES;

--
-- Table structure for table `partidas`
--

DROP TABLE IF EXISTS `partidas`;
/*!40101 SET @saved_cs_client     = @@character_set_client */;
/*!50503 SET character_set_client = utf8mb4 */;
CREATE TABLE `partidas` (
  `id` bigint unsigned NOT NULL AUTO_INCREMENT,
  `user_id` bigint unsigned NOT NULL,
  `usuario1` int NOT NULL,
  `usuario2` int NOT NULL,
  `ganador` int NOT NULL,
  `created_at` timestamp NULL DEFAULT NULL,
  `updated_at` timestamp NULL DEFAULT NULL,
  PRIMARY KEY (`id`),
  KEY `partidas_user_id_foreign` (`user_id`),
  CONSTRAINT `partidas_user_id_foreign` FOREIGN KEY (`user_id`) REFERENCES `users` (`id`)
) ENGINE=InnoDB AUTO_INCREMENT=122 DEFAULT CHARSET=utf8mb4 COLLATE=utf8mb4_unicode_ci;
/*!40101 SET character_set_client = @saved_cs_client */;

--
-- Dumping data for table `partidas`
--

LOCK TABLES `partidas` WRITE;
/*!40000 ALTER TABLE `partidas` DISABLE KEYS */;
INSERT INTO `partidas` VALUES (1,381,3,3,7,'2022-03-23 19:43:18','2022-03-23 19:43:18'),(2,209,8,0,5,'2022-03-23 19:43:18','2022-03-23 19:43:18'),(3,36,0,5,9,'2022-03-23 19:43:18','2022-03-23 19:43:18'),(4,25,7,7,5,'2022-03-23 19:43:18','2022-03-23 19:43:18'),(5,352,9,4,3,'2022-03-23 19:43:18','2022-03-23 19:43:18'),(6,55,9,6,0,'2022-03-23 19:43:18','2022-03-23 19:43:18'),(7,144,6,1,9,'2022-03-23 19:43:18','2022-03-23 19:43:18'),(8,413,9,9,1,'2022-03-23 19:43:18','2022-03-23 19:43:18'),(9,128,4,6,2,'2022-03-23 19:43:18','2022-03-23 19:43:18'),(10,77,0,9,3,'2022-03-23 19:43:18','2022-03-23 19:43:18'),(11,462,8,5,2,'2022-03-23 19:43:18','2022-03-23 19:43:18'),(12,173,2,5,7,'2022-03-23 19:43:18','2022-03-23 19:43:18'),(13,440,8,4,0,'2022-03-23 19:43:18','2022-03-23 19:43:18'),(14,139,9,4,2,'2022-03-23 19:43:18','2022-03-23 19:43:18'),(15,202,5,4,6,'2022-03-23 19:43:18','2022-03-23 19:43:18'),(16,241,3,3,1,'2022-03-23 19:43:18','2022-03-23 19:43:18'),(17,443,7,5,3,'2022-03-23 19:43:18','2022-03-23 19:43:18'),(18,11,9,7,8,'2022-03-23 19:43:18','2022-03-23 19:43:18'),(19,359,8,6,8,'2022-03-23 19:43:18','2022-03-23 19:43:18'),(20,194,4,6,7,'2022-03-23 19:43:18','2022-03-23 19:43:18'),(21,161,7,1,2,'2022-03-23 19:43:18','2022-03-23 19:43:18'),(22,97,6,6,9,'2022-03-23 19:43:18','2022-03-23 19:43:18'),(23,199,5,2,3,'2022-03-23 19:43:18','2022-03-23 19:43:18'),(24,49,1,7,6,'2022-03-23 19:43:18','2022-03-23 19:43:18'),(25,304,4,6,4,'2022-03-23 19:43:18','2022-03-23 19:43:18'),(26,251,4,6,9,'2022-03-23 19:43:18','2022-03-23 19:43:18'),(27,72,0,6,7,'2022-03-23 19:43:18','2022-03-23 19:43:18'),(28,441,0,0,8,'2022-03-23 19:43:18','2022-03-23 19:43:18'),(29,24,4,3,1,'2022-03-23 19:43:18','2022-03-23 19:43:18'),(30,73,0,6,5,'2022-03-23 19:43:18','2022-03-23 19:43:18'),(31,43,1,5,0,'2022-03-23 19:43:18','2022-03-23 19:43:18'),(32,61,3,8,1,'2022-03-23 19:43:18','2022-03-23 19:43:18'),(33,328,0,4,0,'2022-03-23 19:43:18','2022-03-23 19:43:18'),(34,390,3,9,9,'2022-03-23 19:43:18','2022-03-23 19:43:18'),(35,464,4,1,8,'2022-03-23 19:43:18','2022-03-23 19:43:18'),(36,481,2,2,3,'2022-03-23 19:43:18','2022-03-23 19:43:18'),(37,159,5,9,4,'2022-03-23 19:43:18','2022-03-23 19:43:18'),(38,471,3,9,5,'2022-03-23 19:43:18','2022-03-23 19:43:18'),(39,307,6,0,4,'2022-03-23 19:43:18','2022-03-23 19:43:18'),(40,520,6,6,6,'2022-03-23 19:43:18','2022-03-23 19:43:18'),(41,69,8,5,1,'2022-03-23 19:43:18','2022-03-23 19:43:18'),(42,390,8,4,6,'2022-03-23 19:43:18','2022-03-23 19:43:18'),(43,375,6,5,6,'2022-03-23 19:43:18','2022-03-23 19:43:18'),(44,215,7,8,8,'2022-03-23 19:43:18','2022-03-23 19:43:18'),(45,387,8,6,6,'2022-03-23 19:43:18','2022-03-23 19:43:18'),(46,146,0,5,8,'2022-03-23 19:43:18','2022-03-23 19:43:18'),(47,485,7,0,7,'2022-03-23 19:43:18','2022-03-23 19:43:18'),(48,233,8,7,9,'2022-03-23 19:43:18','2022-03-23 19:43:18'),(49,45,0,1,4,'2022-03-23 19:43:18','2022-03-23 19:43:18'),(50,18,9,5,7,'2022-03-23 19:43:18','2022-03-23 19:43:18'),(51,372,8,1,9,'2022-03-23 19:43:18','2022-03-23 19:43:18'),(52,386,1,4,0,'2022-03-23 19:43:18','2022-03-23 19:43:18'),(53,257,9,0,6,'2022-03-23 19:43:18','2022-03-23 19:43:18'),(54,423,2,2,6,'2022-03-23 19:43:18','2022-03-23 19:43:18'),(55,63,2,0,6,'2022-03-23 19:43:18','2022-03-23 19:43:18'),(56,214,1,0,1,'2022-03-23 19:43:18','2022-03-23 19:43:18'),(57,426,6,4,0,'2022-03-23 19:43:18','2022-03-23 19:43:18'),(58,242,1,8,1,'2022-03-23 19:43:18','2022-03-23 19:43:18'),(59,149,9,4,6,'2022-03-23 19:43:18','2022-03-23 19:43:18'),(60,331,1,3,6,'2022-03-23 19:43:18','2022-03-23 19:43:18'),(61,263,3,8,5,'2022-03-23 19:43:18','2022-03-23 19:43:18'),(62,468,8,8,0,'2022-03-23 19:43:18','2022-03-23 19:43:18'),(63,440,3,6,6,'2022-03-23 19:43:18','2022-03-23 19:43:18'),(64,453,0,7,5,'2022-03-23 19:43:18','2022-03-23 19:43:18'),(65,153,7,1,0,'2022-03-23 19:43:18','2022-03-23 19:43:18'),(66,162,2,0,2,'2022-03-23 19:43:18','2022-03-23 19:43:18'),(67,93,4,0,9,'2022-03-23 19:43:18','2022-03-23 19:43:18'),(68,211,2,2,8,'2022-03-23 19:43:18','2022-03-23 19:43:18'),(69,495,3,8,7,'2022-03-23 19:43:18','2022-03-23 19:43:18'),(70,7,7,8,8,'2022-03-23 19:43:18','2022-03-23 19:43:18'),(71,311,3,2,4,'2022-03-23 19:43:18','2022-03-23 19:43:18'),(72,53,0,9,6,'2022-03-23 19:43:18','2022-03-23 19:43:18'),(73,202,2,6,3,'2022-03-23 19:43:18','2022-03-23 19:43:18'),(74,74,0,6,8,'2022-03-23 19:43:18','2022-03-23 19:43:18'),(75,124,2,9,7,'2022-03-23 19:43:18','2022-03-23 19:43:18'),(76,7,6,1,2,'2022-03-23 19:43:18','2022-03-23 19:43:18'),(77,368,6,4,8,'2022-03-23 19:43:18','2022-03-23 19:43:18'),(78,205,0,7,2,'2022-03-23 19:43:18','2022-03-23 19:43:18'),(79,148,9,5,7,'2022-03-23 19:43:18','2022-03-23 19:43:18'),(80,447,9,4,3,'2022-03-23 19:43:18','2022-03-23 19:43:18'),(81,159,1,4,3,'2022-03-23 19:43:18','2022-03-23 19:43:18'),(82,6,9,4,7,'2022-03-23 19:43:18','2022-03-23 19:43:18'),(83,394,9,3,2,'2022-03-23 19:43:18','2022-03-23 19:43:18'),(84,369,5,4,4,'2022-03-23 19:43:18','2022-03-23 19:43:18'),(85,147,9,6,1,'2022-03-23 19:43:18','2022-03-23 19:43:18'),(86,154,5,7,4,'2022-03-23 19:43:18','2022-03-23 19:43:18'),(87,12,1,1,3,'2022-03-23 19:43:18','2022-03-23 19:43:18'),(88,97,2,4,1,'2022-03-23 19:43:18','2022-03-23 19:43:18'),(89,79,5,4,9,'2022-03-23 19:43:18','2022-03-23 19:43:18'),(90,259,1,8,6,'2022-03-23 19:43:19','2022-03-23 19:43:19'),(91,239,1,0,8,'2022-03-23 19:43:19','2022-03-23 19:43:19'),(92,168,6,5,1,'2022-03-23 19:43:19','2022-03-23 19:43:19'),(93,278,6,1,2,'2022-03-23 19:43:19','2022-03-23 19:43:19'),(94,353,7,8,3,'2022-03-23 19:43:19','2022-03-23 19:43:19'),(95,117,3,4,0,'2022-03-23 19:43:19','2022-03-23 19:43:19'),(96,102,2,2,4,'2022-03-23 19:43:19','2022-03-23 19:43:19'),(97,432,0,2,8,'2022-03-23 19:43:19','2022-03-23 19:43:19'),(98,80,5,9,0,'2022-03-23 19:43:19','2022-03-23 19:43:19'),(99,339,1,3,6,'2022-03-23 19:43:19','2022-03-23 19:43:19'),(100,4,7,5,2,'2022-03-23 19:43:19','2022-03-23 19:43:19'),(101,521,521,0,0,NULL,NULL),(102,521,521,0,0,NULL,NULL),(103,521,521,0,0,NULL,NULL),(104,526,526,0,0,NULL,NULL),(105,526,526,0,0,NULL,NULL),(106,526,526,0,0,NULL,NULL),(107,526,526,0,0,NULL,NULL),(108,526,526,0,0,NULL,NULL),(109,526,526,0,0,NULL,NULL),(110,526,526,0,0,NULL,NULL),(111,526,526,0,0,NULL,NULL),(112,526,526,0,0,NULL,NULL),(113,526,526,0,0,NULL,NULL),(114,526,526,0,0,NULL,NULL),(115,526,526,0,0,NULL,NULL),(116,526,526,0,0,NULL,NULL),(117,526,526,0,0,NULL,NULL),(118,526,526,0,0,NULL,NULL),(119,526,526,0,0,NULL,NULL),(120,526,526,0,0,NULL,NULL),(121,526,526,0,0,NULL,NULL);
/*!40000 ALTER TABLE `partidas` ENABLE KEYS */;
UNLOCK TABLES;

--
-- Table structure for table `password_resets`
--

DROP TABLE IF EXISTS `password_resets`;
/*!40101 SET @saved_cs_client     = @@character_set_client */;
/*!50503 SET character_set_client = utf8mb4 */;
CREATE TABLE `password_resets` (
  `email` varchar(255) COLLATE utf8mb4_unicode_ci NOT NULL,
  `token` varchar(255) COLLATE utf8mb4_unicode_ci NOT NULL,
  `created_at` timestamp NULL DEFAULT NULL,
  KEY `password_resets_email_index` (`email`)
) ENGINE=InnoDB DEFAULT CHARSET=utf8mb4 COLLATE=utf8mb4_unicode_ci;
/*!40101 SET character_set_client = @saved_cs_client */;

--
-- Dumping data for table `password_resets`
--

LOCK TABLES `password_resets` WRITE;
/*!40000 ALTER TABLE `password_resets` DISABLE KEYS */;
/*!40000 ALTER TABLE `password_resets` ENABLE KEYS */;
UNLOCK TABLES;

--
-- Table structure for table `personal_access_tokens`
--

DROP TABLE IF EXISTS `personal_access_tokens`;
/*!40101 SET @saved_cs_client     = @@character_set_client */;
/*!50503 SET character_set_client = utf8mb4 */;
CREATE TABLE `personal_access_tokens` (
  `id` bigint unsigned NOT NULL AUTO_INCREMENT,
  `tokenable_type` varchar(255) COLLATE utf8mb4_unicode_ci NOT NULL,
  `tokenable_id` bigint unsigned NOT NULL,
  `name` varchar(255) COLLATE utf8mb4_unicode_ci NOT NULL,
  `token` varchar(64) COLLATE utf8mb4_unicode_ci NOT NULL,
  `abilities` text COLLATE utf8mb4_unicode_ci,
  `last_used_at` timestamp NULL DEFAULT NULL,
  `created_at` timestamp NULL DEFAULT NULL,
  `updated_at` timestamp NULL DEFAULT NULL,
  PRIMARY KEY (`id`),
  UNIQUE KEY `personal_access_tokens_token_unique` (`token`),
  KEY `personal_access_tokens_tokenable_type_tokenable_id_index` (`tokenable_type`,`tokenable_id`)
) ENGINE=InnoDB DEFAULT CHARSET=utf8mb4 COLLATE=utf8mb4_unicode_ci;
/*!40101 SET character_set_client = @saved_cs_client */;

--
-- Dumping data for table `personal_access_tokens`
--

LOCK TABLES `personal_access_tokens` WRITE;
/*!40000 ALTER TABLE `personal_access_tokens` DISABLE KEYS */;
/*!40000 ALTER TABLE `personal_access_tokens` ENABLE KEYS */;
UNLOCK TABLES;

--
-- Table structure for table `users`
--

DROP TABLE IF EXISTS `users`;
/*!40101 SET @saved_cs_client     = @@character_set_client */;
/*!50503 SET character_set_client = utf8mb4 */;
CREATE TABLE `users` (
  `id` bigint unsigned NOT NULL AUTO_INCREMENT,
  `name` varchar(255) COLLATE utf8mb4_unicode_ci NOT NULL,
  `email` varchar(255) COLLATE utf8mb4_unicode_ci NOT NULL,
  `email_verified_at` timestamp NULL DEFAULT NULL,
  `password` varchar(255) COLLATE utf8mb4_unicode_ci NOT NULL,
  `remember_token` varchar(100) COLLATE utf8mb4_unicode_ci DEFAULT NULL,
  `created_at` timestamp NULL DEFAULT NULL,
  `updated_at` timestamp NULL DEFAULT NULL,
  PRIMARY KEY (`id`)
) ENGINE=InnoDB AUTO_INCREMENT=527 DEFAULT CHARSET=utf8mb4 COLLATE=utf8mb4_unicode_ci;
/*!40101 SET character_set_client = @saved_cs_client */;

--
-- Dumping data for table `users`
--

LOCK TABLES `users` WRITE;
/*!40000 ALTER TABLE `users` DISABLE KEYS */;
INSERT INTO `users` VALUES (1,'Lottie Littel I','austyn12@example.com','2022-03-23 15:01:41','$2y$10$92IXUNpkjO0rOQ5byMi.Ye4oKoEa3Ro9llC/.og/at2.uheWG/igi','gvoIVLxhgE','2022-03-23 15:01:41','2022-03-23 15:01:41'),(2,'Prof. Raymundo Denesik IV','walsh.alexa@example.net','2022-03-23 15:01:41','$2y$10$92IXUNpkjO0rOQ5byMi.Ye4oKoEa3Ro9llC/.og/at2.uheWG/igi','4fyXrwVxBn','2022-03-23 15:01:42','2022-03-23 15:01:42'),(3,'Mrs. Dorris Durgan I','allen22@example.net','2022-03-23 15:01:41','$2y$10$92IXUNpkjO0rOQ5byMi.Ye4oKoEa3Ro9llC/.og/at2.uheWG/igi','8aAJVx1VC0','2022-03-23 15:01:42','2022-03-23 15:01:42'),(4,'Burdette Jerde','linwood50@example.com','2022-03-23 15:01:41','$2y$10$92IXUNpkjO0rOQ5byMi.Ye4oKoEa3Ro9llC/.og/at2.uheWG/igi','Vh4z1nRQmm','2022-03-23 15:01:42','2022-03-23 15:01:42'),(5,'Esteban Green','savanah89@example.org','2022-03-23 15:01:41','$2y$10$92IXUNpkjO0rOQ5byMi.Ye4oKoEa3Ro9llC/.og/at2.uheWG/igi','urTv011PzS','2022-03-23 15:01:42','2022-03-23 15:01:42'),(6,'Molly Anderson','rhea.olson@example.com','2022-03-23 15:01:41','$2y$10$92IXUNpkjO0rOQ5byMi.Ye4oKoEa3Ro9llC/.og/at2.uheWG/igi','OpYaJ869Xv','2022-03-23 15:01:42','2022-03-23 15:01:42'),(7,'Warren Ebert','glen40@example.com','2022-03-23 15:01:41','$2y$10$92IXUNpkjO0rOQ5byMi.Ye4oKoEa3Ro9llC/.og/at2.uheWG/igi','3L10otMxZB','2022-03-23 15:01:42','2022-03-23 15:01:42'),(8,'Dr. Alex Larson DDS','talia.stanton@example.org','2022-03-23 15:01:41','$2y$10$92IXUNpkjO0rOQ5byMi.Ye4oKoEa3Ro9llC/.og/at2.uheWG/igi','YBx7giQCaE','2022-03-23 15:01:42','2022-03-23 15:01:42'),(9,'Vivienne Hagenes','rippin.roberto@example.net','2022-03-23 15:01:41','$2y$10$92IXUNpkjO0rOQ5byMi.Ye4oKoEa3Ro9llC/.og/at2.uheWG/igi','GNlvqRxr5D','2022-03-23 15:01:42','2022-03-23 15:01:42'),(10,'Creola Medhurst','clang@example.org','2022-03-23 15:01:41','$2y$10$92IXUNpkjO0rOQ5byMi.Ye4oKoEa3Ro9llC/.og/at2.uheWG/igi','RJiSH06SHv','2022-03-23 15:01:42','2022-03-23 15:01:42'),(11,'Ms. Nicolette Spinka','rene59@example.net','2022-03-23 15:01:41','$2y$10$92IXUNpkjO0rOQ5byMi.Ye4oKoEa3Ro9llC/.og/at2.uheWG/igi','LxvpmNjpXB','2022-03-23 15:01:42','2022-03-23 15:01:42'),(12,'Effie Breitenberg PhD','parisian.lenore@example.org','2022-03-23 15:01:41','$2y$10$92IXUNpkjO0rOQ5byMi.Ye4oKoEa3Ro9llC/.og/at2.uheWG/igi','Kvfexl9NIH','2022-03-23 15:01:42','2022-03-23 15:01:42'),(13,'Grayson Skiles','feest.sylvia@example.net','2022-03-23 15:01:41','$2y$10$92IXUNpkjO0rOQ5byMi.Ye4oKoEa3Ro9llC/.og/at2.uheWG/igi','2VFDnRqvjW','2022-03-23 15:01:42','2022-03-23 15:01:42'),(14,'Kacie Howell','marvin.donato@example.com','2022-03-23 15:01:41','$2y$10$92IXUNpkjO0rOQ5byMi.Ye4oKoEa3Ro9llC/.og/at2.uheWG/igi','vnbF0oPgFs','2022-03-23 15:01:42','2022-03-23 15:01:42'),(15,'Jeramie Lowe','zglover@example.com','2022-03-23 15:01:41','$2y$10$92IXUNpkjO0rOQ5byMi.Ye4oKoEa3Ro9llC/.og/at2.uheWG/igi','5xOVMmGYsd','2022-03-23 15:01:42','2022-03-23 15:01:42'),(16,'Hilbert Skiles','hermann65@example.net','2022-03-23 15:01:41','$2y$10$92IXUNpkjO0rOQ5byMi.Ye4oKoEa3Ro9llC/.og/at2.uheWG/igi','gnYNeo4b87','2022-03-23 15:01:42','2022-03-23 15:01:42'),(17,'Trudie Langosh','myron81@example.net','2022-03-23 15:01:41','$2y$10$92IXUNpkjO0rOQ5byMi.Ye4oKoEa3Ro9llC/.og/at2.uheWG/igi','WLAmonuKCW','2022-03-23 15:01:42','2022-03-23 15:01:42'),(18,'Stan Mosciski','giovanny.schulist@example.org','2022-03-23 15:01:41','$2y$10$92IXUNpkjO0rOQ5byMi.Ye4oKoEa3Ro9llC/.og/at2.uheWG/igi','3U2zMMRffg','2022-03-23 15:01:42','2022-03-23 15:01:42'),(19,'Jaron Trantow','yshanahan@example.org','2022-03-23 15:01:41','$2y$10$92IXUNpkjO0rOQ5byMi.Ye4oKoEa3Ro9llC/.og/at2.uheWG/igi','nSKiM2g1aG','2022-03-23 15:01:42','2022-03-23 15:01:42'),(20,'Leif King MD','fabiola.skiles@example.net','2022-03-23 15:01:41','$2y$10$92IXUNpkjO0rOQ5byMi.Ye4oKoEa3Ro9llC/.og/at2.uheWG/igi','OBSy5IqLoV','2022-03-23 15:01:42','2022-03-23 15:01:42'),(21,'Mrs. Jailyn Littel','ubrown@example.com','2022-03-23 16:26:40','$2y$10$92IXUNpkjO0rOQ5byMi.Ye4oKoEa3Ro9llC/.og/at2.uheWG/igi','y0nyDNKTin','2022-03-23 16:26:41','2022-03-23 16:26:41'),(22,'Willard Parker','sbernhard@example.net','2022-03-23 16:26:41','$2y$10$92IXUNpkjO0rOQ5byMi.Ye4oKoEa3Ro9llC/.og/at2.uheWG/igi','Lbfw0dt3KA','2022-03-23 16:26:41','2022-03-23 16:26:41'),(23,'Mrs. Carissa Bosco DDS','rohan.jeremie@example.org','2022-03-23 16:26:41','$2y$10$92IXUNpkjO0rOQ5byMi.Ye4oKoEa3Ro9llC/.og/at2.uheWG/igi','nV6pP0W8Ao','2022-03-23 16:26:41','2022-03-23 16:26:41'),(24,'Jade Roob DVM','randy.fay@example.com','2022-03-23 16:26:41','$2y$10$92IXUNpkjO0rOQ5byMi.Ye4oKoEa3Ro9llC/.og/at2.uheWG/igi','K7V5Qb4J4R','2022-03-23 16:26:41','2022-03-23 16:26:41'),(25,'Camille Metz DDS','jkris@example.net','2022-03-23 16:26:41','$2y$10$92IXUNpkjO0rOQ5byMi.Ye4oKoEa3Ro9llC/.og/at2.uheWG/igi','FahpxzBDj3','2022-03-23 16:26:41','2022-03-23 16:26:41'),(26,'Rita Christiansen IV','alex.barton@example.org','2022-03-23 16:26:41','$2y$10$92IXUNpkjO0rOQ5byMi.Ye4oKoEa3Ro9llC/.og/at2.uheWG/igi','UtFc93DDDg','2022-03-23 16:26:41','2022-03-23 16:26:41'),(27,'Destany Weimann','mpredovic@example.com','2022-03-23 16:26:41','$2y$10$92IXUNpkjO0rOQ5byMi.Ye4oKoEa3Ro9llC/.og/at2.uheWG/igi','DhpjxJQGxJ','2022-03-23 16:26:42','2022-03-23 16:26:42'),(28,'Abigale Nikolaus','margarett67@example.net','2022-03-23 16:26:41','$2y$10$92IXUNpkjO0rOQ5byMi.Ye4oKoEa3Ro9llC/.og/at2.uheWG/igi','WdH0McnhDg','2022-03-23 16:26:42','2022-03-23 16:26:42'),(29,'Phyllis Hintz','annamae17@example.com','2022-03-23 16:26:41','$2y$10$92IXUNpkjO0rOQ5byMi.Ye4oKoEa3Ro9llC/.og/at2.uheWG/igi','N1aoUCxsN3','2022-03-23 16:26:42','2022-03-23 16:26:42'),(30,'Mrs. Fanny Collier','aleen81@example.com','2022-03-23 16:26:41','$2y$10$92IXUNpkjO0rOQ5byMi.Ye4oKoEa3Ro9llC/.og/at2.uheWG/igi','iPN3HoDEnY','2022-03-23 16:26:42','2022-03-23 16:26:42'),(31,'Demarcus Cruickshank','larson.cornelius@example.net','2022-03-23 16:26:41','$2y$10$92IXUNpkjO0rOQ5byMi.Ye4oKoEa3Ro9llC/.og/at2.uheWG/igi','o6VlHhNFI3','2022-03-23 16:26:42','2022-03-23 16:26:42'),(32,'Dion Wiza','champlin.ewald@example.net','2022-03-23 16:26:41','$2y$10$92IXUNpkjO0rOQ5byMi.Ye4oKoEa3Ro9llC/.og/at2.uheWG/igi','g9PuYesw0U','2022-03-23 16:26:42','2022-03-23 16:26:42'),(33,'Lexus Walker','emilia.torphy@example.com','2022-03-23 16:26:41','$2y$10$92IXUNpkjO0rOQ5byMi.Ye4oKoEa3Ro9llC/.og/at2.uheWG/igi','WJJieGdjY9','2022-03-23 16:26:42','2022-03-23 16:26:42'),(34,'Caroline Waters Jr.','felix96@example.org','2022-03-23 16:26:41','$2y$10$92IXUNpkjO0rOQ5byMi.Ye4oKoEa3Ro9llC/.og/at2.uheWG/igi','M7KfF5hA5S','2022-03-23 16:26:42','2022-03-23 16:26:42'),(35,'Dr. Molly Trantow I','mbradtke@example.com','2022-03-23 16:26:41','$2y$10$92IXUNpkjO0rOQ5byMi.Ye4oKoEa3Ro9llC/.og/at2.uheWG/igi','9j3B7ux7tV','2022-03-23 16:26:42','2022-03-23 16:26:42'),(36,'Hazle Rolfson','wintheiser.tatum@example.com','2022-03-23 16:26:41','$2y$10$92IXUNpkjO0rOQ5byMi.Ye4oKoEa3Ro9llC/.og/at2.uheWG/igi','DsukeYBjUa','2022-03-23 16:26:42','2022-03-23 16:26:42'),(37,'Glenda Oberbrunner','merritt.eichmann@example.org','2022-03-23 16:26:41','$2y$10$92IXUNpkjO0rOQ5byMi.Ye4oKoEa3Ro9llC/.og/at2.uheWG/igi','2fzXDihwMc','2022-03-23 16:26:42','2022-03-23 16:26:42'),(38,'Judd Kuhn','ykreiger@example.org','2022-03-23 16:26:41','$2y$10$92IXUNpkjO0rOQ5byMi.Ye4oKoEa3Ro9llC/.og/at2.uheWG/igi','KSF2zS6fZE','2022-03-23 16:26:42','2022-03-23 16:26:42'),(39,'Gloria Robel','hkerluke@example.net','2022-03-23 16:26:41','$2y$10$92IXUNpkjO0rOQ5byMi.Ye4oKoEa3Ro9llC/.og/at2.uheWG/igi','CYVEoov7JF','2022-03-23 16:26:42','2022-03-23 16:26:42'),(40,'Rosanna Armstrong','orland01@example.org','2022-03-23 16:26:41','$2y$10$92IXUNpkjO0rOQ5byMi.Ye4oKoEa3Ro9llC/.og/at2.uheWG/igi','tsgPXH2nWD','2022-03-23 16:26:42','2022-03-23 16:26:42'),(41,'Prof. Haskell Stanton','crawford.ruecker@example.org','2022-03-23 16:26:41','$2y$10$92IXUNpkjO0rOQ5byMi.Ye4oKoEa3Ro9llC/.og/at2.uheWG/igi','0HztlQiD7A','2022-03-23 16:26:42','2022-03-23 16:26:42'),(42,'Morris Nitzsche','fhowe@example.org','2022-03-23 16:26:41','$2y$10$92IXUNpkjO0rOQ5byMi.Ye4oKoEa3Ro9llC/.og/at2.uheWG/igi','rQ4o30KErC','2022-03-23 16:26:42','2022-03-23 16:26:42'),(43,'Moses Mraz','marc.wehner@example.net','2022-03-23 16:26:41','$2y$10$92IXUNpkjO0rOQ5byMi.Ye4oKoEa3Ro9llC/.og/at2.uheWG/igi','98KxuWhT4E','2022-03-23 16:26:42','2022-03-23 16:26:42'),(44,'Ayana Johns','gleichner.david@example.org','2022-03-23 16:26:41','$2y$10$92IXUNpkjO0rOQ5byMi.Ye4oKoEa3Ro9llC/.og/at2.uheWG/igi','k5SMgxlPvG','2022-03-23 16:26:42','2022-03-23 16:26:42'),(45,'Prof. Lauretta Becker PhD','gislason.stacey@example.org','2022-03-23 16:26:41','$2y$10$92IXUNpkjO0rOQ5byMi.Ye4oKoEa3Ro9llC/.og/at2.uheWG/igi','b2uvdxll0I','2022-03-23 16:26:42','2022-03-23 16:26:42'),(46,'Deion Bernhard','moen.warren@example.net','2022-03-23 16:26:41','$2y$10$92IXUNpkjO0rOQ5byMi.Ye4oKoEa3Ro9llC/.og/at2.uheWG/igi','NkPL0ELPKS','2022-03-23 16:26:42','2022-03-23 16:26:42'),(47,'Roma Hill','vfisher@example.org','2022-03-23 16:26:41','$2y$10$92IXUNpkjO0rOQ5byMi.Ye4oKoEa3Ro9llC/.og/at2.uheWG/igi','fN1cEs5AMa','2022-03-23 16:26:42','2022-03-23 16:26:42'),(48,'Gregoria Kirlin','della.weissnat@example.net','2022-03-23 16:26:41','$2y$10$92IXUNpkjO0rOQ5byMi.Ye4oKoEa3Ro9llC/.og/at2.uheWG/igi','KOvCNd65Qa','2022-03-23 16:26:42','2022-03-23 16:26:42'),(49,'Therese Hermiston DDS','gmorissette@example.com','2022-03-23 16:26:41','$2y$10$92IXUNpkjO0rOQ5byMi.Ye4oKoEa3Ro9llC/.og/at2.uheWG/igi','2lBnW6ih4S','2022-03-23 16:26:42','2022-03-23 16:26:42'),(50,'Rita Romaguera','cormier.reggie@example.com','2022-03-23 16:26:41','$2y$10$92IXUNpkjO0rOQ5byMi.Ye4oKoEa3Ro9llC/.og/at2.uheWG/igi','NM5gl6yL2J','2022-03-23 16:26:42','2022-03-23 16:26:42'),(51,'Ashtyn Bode','kaela.grady@example.net','2022-03-23 16:26:41','$2y$10$92IXUNpkjO0rOQ5byMi.Ye4oKoEa3Ro9llC/.og/at2.uheWG/igi','kA5DpjfL0f','2022-03-23 16:26:42','2022-03-23 16:26:42'),(52,'Karelle Wiegand DVM','mylene24@example.org','2022-03-23 16:26:41','$2y$10$92IXUNpkjO0rOQ5byMi.Ye4oKoEa3Ro9llC/.og/at2.uheWG/igi','CEtfQiF5Tz','2022-03-23 16:26:42','2022-03-23 16:26:42'),(53,'Prof. Bernhard Leannon Sr.','isobel69@example.net','2022-03-23 16:26:41','$2y$10$92IXUNpkjO0rOQ5byMi.Ye4oKoEa3Ro9llC/.og/at2.uheWG/igi','B5Uoqg5NU7','2022-03-23 16:26:42','2022-03-23 16:26:42'),(54,'Henriette Turner IV','legros.eveline@example.org','2022-03-23 16:26:41','$2y$10$92IXUNpkjO0rOQ5byMi.Ye4oKoEa3Ro9llC/.og/at2.uheWG/igi','fcftiq0KMl','2022-03-23 16:26:42','2022-03-23 16:26:42'),(55,'Daphnee Wunsch','krajcik.kaley@example.org','2022-03-23 16:26:41','$2y$10$92IXUNpkjO0rOQ5byMi.Ye4oKoEa3Ro9llC/.og/at2.uheWG/igi','ijtA9wsde9','2022-03-23 16:26:42','2022-03-23 16:26:42'),(56,'Cora Ullrich','mcorwin@example.org','2022-03-23 16:26:41','$2y$10$92IXUNpkjO0rOQ5byMi.Ye4oKoEa3Ro9llC/.og/at2.uheWG/igi','fgD6hTTdza','2022-03-23 16:26:42','2022-03-23 16:26:42'),(57,'Keira Brakus','beatty.daniella@example.net','2022-03-23 16:26:41','$2y$10$92IXUNpkjO0rOQ5byMi.Ye4oKoEa3Ro9llC/.og/at2.uheWG/igi','MvZLDYscwC','2022-03-23 16:26:42','2022-03-23 16:26:42'),(58,'Breana Ferry V','lisandro.welch@example.net','2022-03-23 16:26:41','$2y$10$92IXUNpkjO0rOQ5byMi.Ye4oKoEa3Ro9llC/.og/at2.uheWG/igi','g5NILGVVqB','2022-03-23 16:26:42','2022-03-23 16:26:42'),(59,'Mertie Reilly','vwitting@example.com','2022-03-23 16:26:41','$2y$10$92IXUNpkjO0rOQ5byMi.Ye4oKoEa3Ro9llC/.og/at2.uheWG/igi','5Ejsw5VnGx','2022-03-23 16:26:42','2022-03-23 16:26:42'),(60,'Adrian Bosco','bennie.watsica@example.net','2022-03-23 16:26:41','$2y$10$92IXUNpkjO0rOQ5byMi.Ye4oKoEa3Ro9llC/.og/at2.uheWG/igi','3diJi2rWla','2022-03-23 16:26:42','2022-03-23 16:26:42'),(61,'Jazmyne Abernathy','wilkinson.filomena@example.com','2022-03-23 16:26:41','$2y$10$92IXUNpkjO0rOQ5byMi.Ye4oKoEa3Ro9llC/.og/at2.uheWG/igi','4mtzVWoSEf','2022-03-23 16:26:42','2022-03-23 16:26:42'),(62,'Jeanie Gislason','roberts.citlalli@example.org','2022-03-23 16:26:41','$2y$10$92IXUNpkjO0rOQ5byMi.Ye4oKoEa3Ro9llC/.og/at2.uheWG/igi','WDfUHcEBry','2022-03-23 16:26:42','2022-03-23 16:26:42'),(63,'Carol O\'Reilly','nmertz@example.org','2022-03-23 16:26:41','$2y$10$92IXUNpkjO0rOQ5byMi.Ye4oKoEa3Ro9llC/.og/at2.uheWG/igi','5EVYGvt1uE','2022-03-23 16:26:42','2022-03-23 16:26:42'),(64,'Prof. Bryana Tromp','stephanie42@example.net','2022-03-23 16:26:41','$2y$10$92IXUNpkjO0rOQ5byMi.Ye4oKoEa3Ro9llC/.og/at2.uheWG/igi','8rzPJ5Bm6A','2022-03-23 16:26:42','2022-03-23 16:26:42'),(65,'Benny Reinger','orland.ondricka@example.org','2022-03-23 16:26:41','$2y$10$92IXUNpkjO0rOQ5byMi.Ye4oKoEa3Ro9llC/.og/at2.uheWG/igi','wSAZD7dx54','2022-03-23 16:26:42','2022-03-23 16:26:42'),(66,'Marianna Pouros','shayne.oberbrunner@example.net','2022-03-23 16:26:41','$2y$10$92IXUNpkjO0rOQ5byMi.Ye4oKoEa3Ro9llC/.og/at2.uheWG/igi','z7q309fCyT','2022-03-23 16:26:42','2022-03-23 16:26:42'),(67,'Daphnee Nolan','dorthy79@example.net','2022-03-23 16:26:41','$2y$10$92IXUNpkjO0rOQ5byMi.Ye4oKoEa3Ro9llC/.og/at2.uheWG/igi','4FPmhl9Pni','2022-03-23 16:26:42','2022-03-23 16:26:42'),(68,'Domenick Ebert','kassandra84@example.net','2022-03-23 16:26:41','$2y$10$92IXUNpkjO0rOQ5byMi.Ye4oKoEa3Ro9llC/.og/at2.uheWG/igi','ZsGNX44Dj5','2022-03-23 16:26:42','2022-03-23 16:26:42'),(69,'Jamal Harvey','ebergnaum@example.net','2022-03-23 16:26:41','$2y$10$92IXUNpkjO0rOQ5byMi.Ye4oKoEa3Ro9llC/.og/at2.uheWG/igi','rtnkVzquUc','2022-03-23 16:26:42','2022-03-23 16:26:42'),(70,'Dr. Rebecca McClure I','shickle@example.com','2022-03-23 16:26:41','$2y$10$92IXUNpkjO0rOQ5byMi.Ye4oKoEa3Ro9llC/.og/at2.uheWG/igi','unjCHOVOlL','2022-03-23 16:26:42','2022-03-23 16:26:42'),(71,'Genevieve Koelpin','laurine.waters@example.com','2022-03-23 16:26:41','$2y$10$92IXUNpkjO0rOQ5byMi.Ye4oKoEa3Ro9llC/.og/at2.uheWG/igi','I38LSYIXWE','2022-03-23 16:26:42','2022-03-23 16:26:42'),(72,'Uriah Stroman','xmraz@example.com','2022-03-23 16:26:41','$2y$10$92IXUNpkjO0rOQ5byMi.Ye4oKoEa3Ro9llC/.og/at2.uheWG/igi','gAQ5NQ0SNE','2022-03-23 16:26:42','2022-03-23 16:26:42'),(73,'Oren Robel','lindgren.meaghan@example.org','2022-03-23 16:26:41','$2y$10$92IXUNpkjO0rOQ5byMi.Ye4oKoEa3Ro9llC/.og/at2.uheWG/igi','ck2WEnsLnF','2022-03-23 16:26:42','2022-03-23 16:26:42'),(74,'Alford Gusikowski','nova40@example.net','2022-03-23 16:26:41','$2y$10$92IXUNpkjO0rOQ5byMi.Ye4oKoEa3Ro9llC/.og/at2.uheWG/igi','My4eTexlz9','2022-03-23 16:26:42','2022-03-23 16:26:42'),(75,'Miss Marisa Hintz','maurice27@example.net','2022-03-23 16:26:41','$2y$10$92IXUNpkjO0rOQ5byMi.Ye4oKoEa3Ro9llC/.og/at2.uheWG/igi','AjcB03mjUR','2022-03-23 16:26:42','2022-03-23 16:26:42'),(76,'Marta Lynch Jr.','rodrick59@example.com','2022-03-23 16:26:41','$2y$10$92IXUNpkjO0rOQ5byMi.Ye4oKoEa3Ro9llC/.og/at2.uheWG/igi','pB5zTGTVyB','2022-03-23 16:26:42','2022-03-23 16:26:42'),(77,'Tiana Schaefer','adolf31@example.org','2022-03-23 16:26:41','$2y$10$92IXUNpkjO0rOQ5byMi.Ye4oKoEa3Ro9llC/.og/at2.uheWG/igi','GafzgwGYak','2022-03-23 16:26:42','2022-03-23 16:26:42'),(78,'Haleigh McDermott','chance.sipes@example.com','2022-03-23 16:26:41','$2y$10$92IXUNpkjO0rOQ5byMi.Ye4oKoEa3Ro9llC/.og/at2.uheWG/igi','WQ1UwVMyqc','2022-03-23 16:26:42','2022-03-23 16:26:42'),(79,'Miss Lucie Koch DDS','dylan.hessel@example.com','2022-03-23 16:26:41','$2y$10$92IXUNpkjO0rOQ5byMi.Ye4oKoEa3Ro9llC/.og/at2.uheWG/igi','mDabUOpvB4','2022-03-23 16:26:42','2022-03-23 16:26:42'),(80,'Miss Leilani Hayes II','alison11@example.net','2022-03-23 16:26:41','$2y$10$92IXUNpkjO0rOQ5byMi.Ye4oKoEa3Ro9llC/.og/at2.uheWG/igi','SdLR3IPott','2022-03-23 16:26:42','2022-03-23 16:26:42'),(81,'Mr. Mack Upton Jr.','preichel@example.net','2022-03-23 16:26:41','$2y$10$92IXUNpkjO0rOQ5byMi.Ye4oKoEa3Ro9llC/.og/at2.uheWG/igi','VLYKTg5U42','2022-03-23 16:26:42','2022-03-23 16:26:42'),(82,'Freeman Casper','mkoss@example.com','2022-03-23 16:26:41','$2y$10$92IXUNpkjO0rOQ5byMi.Ye4oKoEa3Ro9llC/.og/at2.uheWG/igi','u9BYobJGlS','2022-03-23 16:26:42','2022-03-23 16:26:42'),(83,'Chadd Oberbrunner DDS','demetrius99@example.com','2022-03-23 16:26:41','$2y$10$92IXUNpkjO0rOQ5byMi.Ye4oKoEa3Ro9llC/.og/at2.uheWG/igi','F59IU4J10N','2022-03-23 16:26:42','2022-03-23 16:26:42'),(84,'Meaghan Wiegand','kavon83@example.org','2022-03-23 16:26:41','$2y$10$92IXUNpkjO0rOQ5byMi.Ye4oKoEa3Ro9llC/.og/at2.uheWG/igi','sv69z2NN3l','2022-03-23 16:26:42','2022-03-23 16:26:42'),(85,'April Glover V','adams.giles@example.org','2022-03-23 16:26:41','$2y$10$92IXUNpkjO0rOQ5byMi.Ye4oKoEa3Ro9llC/.og/at2.uheWG/igi','7dhulSJzp7','2022-03-23 16:26:42','2022-03-23 16:26:42'),(86,'Pierce Osinski','kade02@example.net','2022-03-23 16:26:41','$2y$10$92IXUNpkjO0rOQ5byMi.Ye4oKoEa3Ro9llC/.og/at2.uheWG/igi','lVRZh61wCT','2022-03-23 16:26:42','2022-03-23 16:26:42'),(87,'Leanne Walter','asa40@example.org','2022-03-23 16:26:41','$2y$10$92IXUNpkjO0rOQ5byMi.Ye4oKoEa3Ro9llC/.og/at2.uheWG/igi','nM3aiaWc7y','2022-03-23 16:26:42','2022-03-23 16:26:42'),(88,'Laurie Ernser','bechtelar.ima@example.org','2022-03-23 16:26:41','$2y$10$92IXUNpkjO0rOQ5byMi.Ye4oKoEa3Ro9llC/.og/at2.uheWG/igi','gbO8qJGwHf','2022-03-23 16:26:42','2022-03-23 16:26:42'),(89,'Jessie Dickinson Sr.','haag.jennie@example.net','2022-03-23 16:26:41','$2y$10$92IXUNpkjO0rOQ5byMi.Ye4oKoEa3Ro9llC/.og/at2.uheWG/igi','PmrG6J2PfN','2022-03-23 16:26:42','2022-03-23 16:26:42'),(90,'Paxton Gusikowski','nitzsche.garret@example.com','2022-03-23 16:26:41','$2y$10$92IXUNpkjO0rOQ5byMi.Ye4oKoEa3Ro9llC/.og/at2.uheWG/igi','E6wGTLf2SL','2022-03-23 16:26:42','2022-03-23 16:26:42'),(91,'Dr. Edison Barrows','walter.brennan@example.com','2022-03-23 16:26:41','$2y$10$92IXUNpkjO0rOQ5byMi.Ye4oKoEa3Ro9llC/.og/at2.uheWG/igi','5qpLZWsYY4','2022-03-23 16:26:42','2022-03-23 16:26:42'),(92,'Mr. Eli Flatley IV','rodriguez.mertie@example.net','2022-03-23 16:26:41','$2y$10$92IXUNpkjO0rOQ5byMi.Ye4oKoEa3Ro9llC/.og/at2.uheWG/igi','pHqOpnHfbp','2022-03-23 16:26:42','2022-03-23 16:26:42'),(93,'Blanca Johnston','nkemmer@example.org','2022-03-23 16:26:41','$2y$10$92IXUNpkjO0rOQ5byMi.Ye4oKoEa3Ro9llC/.og/at2.uheWG/igi','EEFMQtYLAO','2022-03-23 16:26:42','2022-03-23 16:26:42'),(94,'Keira Purdy','denesik.lucile@example.com','2022-03-23 16:26:41','$2y$10$92IXUNpkjO0rOQ5byMi.Ye4oKoEa3Ro9llC/.og/at2.uheWG/igi','EcY8oxPwCy','2022-03-23 16:26:42','2022-03-23 16:26:42'),(95,'Taurean Oberbrunner','jefferey61@example.org','2022-03-23 16:26:41','$2y$10$92IXUNpkjO0rOQ5byMi.Ye4oKoEa3Ro9llC/.og/at2.uheWG/igi','prXcnrfrhT','2022-03-23 16:26:42','2022-03-23 16:26:42'),(96,'Ms. Eveline West','prohaska.jerod@example.com','2022-03-23 16:26:41','$2y$10$92IXUNpkjO0rOQ5byMi.Ye4oKoEa3Ro9llC/.og/at2.uheWG/igi','wlgaq1H6LG','2022-03-23 16:26:42','2022-03-23 16:26:42'),(97,'Billy Greenfelder','mruecker@example.org','2022-03-23 16:26:41','$2y$10$92IXUNpkjO0rOQ5byMi.Ye4oKoEa3Ro9llC/.og/at2.uheWG/igi','vXJD0SC84h','2022-03-23 16:26:42','2022-03-23 16:26:42'),(98,'Kaitlin McDermott','danny80@example.net','2022-03-23 16:26:41','$2y$10$92IXUNpkjO0rOQ5byMi.Ye4oKoEa3Ro9llC/.og/at2.uheWG/igi','uuQsMomz4P','2022-03-23 16:26:42','2022-03-23 16:26:42'),(99,'Sarai Dietrich','yessenia.white@example.com','2022-03-23 16:26:41','$2y$10$92IXUNpkjO0rOQ5byMi.Ye4oKoEa3Ro9llC/.og/at2.uheWG/igi','OxjmagP7gN','2022-03-23 16:26:42','2022-03-23 16:26:42'),(100,'Braden Feeney','clowe@example.com','2022-03-23 16:26:41','$2y$10$92IXUNpkjO0rOQ5byMi.Ye4oKoEa3Ro9llC/.og/at2.uheWG/igi','MD8tRMHanh','2022-03-23 16:26:42','2022-03-23 16:26:42'),(101,'Alexane D\'Amore','ali.braun@example.com','2022-03-23 16:26:41','$2y$10$92IXUNpkjO0rOQ5byMi.Ye4oKoEa3Ro9llC/.og/at2.uheWG/igi','5ypsqYM8DR','2022-03-23 16:26:42','2022-03-23 16:26:42'),(102,'Dr. Ambrose Gaylord','kconsidine@example.org','2022-03-23 16:26:41','$2y$10$92IXUNpkjO0rOQ5byMi.Ye4oKoEa3Ro9llC/.og/at2.uheWG/igi','KgwBVBCa28','2022-03-23 16:26:42','2022-03-23 16:26:42'),(103,'Garry Walker','anais75@example.org','2022-03-23 16:26:41','$2y$10$92IXUNpkjO0rOQ5byMi.Ye4oKoEa3Ro9llC/.og/at2.uheWG/igi','9pR2eIYXJV','2022-03-23 16:26:42','2022-03-23 16:26:42'),(104,'Natalie Schuppe','nwitting@example.org','2022-03-23 16:26:41','$2y$10$92IXUNpkjO0rOQ5byMi.Ye4oKoEa3Ro9llC/.og/at2.uheWG/igi','1UdJ54p1R8','2022-03-23 16:26:42','2022-03-23 16:26:42'),(105,'Drake Paucek PhD','hoppe.faye@example.net','2022-03-23 16:26:41','$2y$10$92IXUNpkjO0rOQ5byMi.Ye4oKoEa3Ro9llC/.og/at2.uheWG/igi','GESCo68Iun','2022-03-23 16:26:42','2022-03-23 16:26:42'),(106,'Jose Wyman','billie.christiansen@example.com','2022-03-23 16:26:41','$2y$10$92IXUNpkjO0rOQ5byMi.Ye4oKoEa3Ro9llC/.og/at2.uheWG/igi','BAuyYkALGP','2022-03-23 16:26:42','2022-03-23 16:26:42'),(107,'Corene Krajcik','rosalyn.blanda@example.com','2022-03-23 16:26:41','$2y$10$92IXUNpkjO0rOQ5byMi.Ye4oKoEa3Ro9llC/.og/at2.uheWG/igi','WJ9TOH11E2','2022-03-23 16:26:42','2022-03-23 16:26:42'),(108,'Dr. Sincere Murray','jadyn.schamberger@example.org','2022-03-23 16:26:41','$2y$10$92IXUNpkjO0rOQ5byMi.Ye4oKoEa3Ro9llC/.og/at2.uheWG/igi','wZ3jHlfiNC','2022-03-23 16:26:42','2022-03-23 16:26:42'),(109,'Prof. Ulices Dooley PhD','katrine67@example.com','2022-03-23 16:26:41','$2y$10$92IXUNpkjO0rOQ5byMi.Ye4oKoEa3Ro9llC/.og/at2.uheWG/igi','mYFsxxKH4a','2022-03-23 16:26:42','2022-03-23 16:26:42'),(110,'Kariane Hand Jr.','chase97@example.net','2022-03-23 16:26:41','$2y$10$92IXUNpkjO0rOQ5byMi.Ye4oKoEa3Ro9llC/.og/at2.uheWG/igi','2Jk6Onxe3Z','2022-03-23 16:26:42','2022-03-23 16:26:42'),(111,'Zakary Bechtelar','kaylee.witting@example.net','2022-03-23 16:26:41','$2y$10$92IXUNpkjO0rOQ5byMi.Ye4oKoEa3Ro9llC/.og/at2.uheWG/igi','cgT43UhOFG','2022-03-23 16:26:42','2022-03-23 16:26:42'),(112,'Casandra Farrell','bode.kristoffer@example.org','2022-03-23 16:26:41','$2y$10$92IXUNpkjO0rOQ5byMi.Ye4oKoEa3Ro9llC/.og/at2.uheWG/igi','JT1ugr4Cvn','2022-03-23 16:26:42','2022-03-23 16:26:42'),(113,'Aric Reichel','dmccullough@example.org','2022-03-23 16:26:41','$2y$10$92IXUNpkjO0rOQ5byMi.Ye4oKoEa3Ro9llC/.og/at2.uheWG/igi','9jGH5VeJfx','2022-03-23 16:26:42','2022-03-23 16:26:42'),(114,'Kavon Lockman DDS','sienna91@example.com','2022-03-23 16:26:41','$2y$10$92IXUNpkjO0rOQ5byMi.Ye4oKoEa3Ro9llC/.og/at2.uheWG/igi','OgR4ab0agF','2022-03-23 16:26:42','2022-03-23 16:26:42'),(115,'Miss Vita Goyette IV','gertrude65@example.com','2022-03-23 16:26:41','$2y$10$92IXUNpkjO0rOQ5byMi.Ye4oKoEa3Ro9llC/.og/at2.uheWG/igi','t2XnhKGLGt','2022-03-23 16:26:42','2022-03-23 16:26:42'),(116,'Melody Abbott','kdibbert@example.org','2022-03-23 16:26:41','$2y$10$92IXUNpkjO0rOQ5byMi.Ye4oKoEa3Ro9llC/.og/at2.uheWG/igi','I0awu5FEGF','2022-03-23 16:26:42','2022-03-23 16:26:42'),(117,'Gayle Hagenes','larissa.klocko@example.com','2022-03-23 16:26:41','$2y$10$92IXUNpkjO0rOQ5byMi.Ye4oKoEa3Ro9llC/.og/at2.uheWG/igi','hITSJZoRyP','2022-03-23 16:26:42','2022-03-23 16:26:42'),(118,'Delbert Schaden','darryl.batz@example.com','2022-03-23 16:26:41','$2y$10$92IXUNpkjO0rOQ5byMi.Ye4oKoEa3Ro9llC/.og/at2.uheWG/igi','MXplBTJ2Bc','2022-03-23 16:26:42','2022-03-23 16:26:42'),(119,'Samir Orn','irunte@example.com','2022-03-23 16:26:41','$2y$10$92IXUNpkjO0rOQ5byMi.Ye4oKoEa3Ro9llC/.og/at2.uheWG/igi','C9P1wjBV7C','2022-03-23 16:26:42','2022-03-23 16:26:42'),(120,'Dr. Myrtle Ankunding','igrant@example.net','2022-03-23 16:26:41','$2y$10$92IXUNpkjO0rOQ5byMi.Ye4oKoEa3Ro9llC/.og/at2.uheWG/igi','yEyll164jh','2022-03-23 16:26:42','2022-03-23 16:26:42'),(121,'Delia Marks','michael.schamberger@example.com','2022-03-23 19:40:33','$2y$10$92IXUNpkjO0rOQ5byMi.Ye4oKoEa3Ro9llC/.og/at2.uheWG/igi','OxZybbq3r1','2022-03-23 19:40:33','2022-03-23 19:40:33'),(122,'Marcelina Grimes','rita30@example.com','2022-03-23 19:40:33','$2y$10$92IXUNpkjO0rOQ5byMi.Ye4oKoEa3Ro9llC/.og/at2.uheWG/igi','MoUI5DBig2','2022-03-23 19:40:33','2022-03-23 19:40:33'),(123,'Aniyah Skiles','cmraz@example.com','2022-03-23 19:40:33','$2y$10$92IXUNpkjO0rOQ5byMi.Ye4oKoEa3Ro9llC/.og/at2.uheWG/igi','sliGF0PV1a','2022-03-23 19:40:33','2022-03-23 19:40:33'),(124,'Prof. Buster Daugherty','wgrimes@example.org','2022-03-23 19:40:33','$2y$10$92IXUNpkjO0rOQ5byMi.Ye4oKoEa3Ro9llC/.og/at2.uheWG/igi','OhPOuwNVV7','2022-03-23 19:40:33','2022-03-23 19:40:33'),(125,'Wilson Funk','mayert.grayson@example.org','2022-03-23 19:40:33','$2y$10$92IXUNpkjO0rOQ5byMi.Ye4oKoEa3Ro9llC/.og/at2.uheWG/igi','7mSzdDUAF8','2022-03-23 19:40:33','2022-03-23 19:40:33'),(126,'Prof. Hester Hegmann','zoie98@example.com','2022-03-23 19:40:33','$2y$10$92IXUNpkjO0rOQ5byMi.Ye4oKoEa3Ro9llC/.og/at2.uheWG/igi','sT9Wmb7kjG','2022-03-23 19:40:33','2022-03-23 19:40:33'),(127,'Cristina Kling PhD','ricky45@example.net','2022-03-23 19:40:33','$2y$10$92IXUNpkjO0rOQ5byMi.Ye4oKoEa3Ro9llC/.og/at2.uheWG/igi','9cBHGXvrRd','2022-03-23 19:40:34','2022-03-23 19:40:34'),(128,'Marisa Casper','jovan60@example.org','2022-03-23 19:40:33','$2y$10$92IXUNpkjO0rOQ5byMi.Ye4oKoEa3Ro9llC/.og/at2.uheWG/igi','Xx5lo0XJhY','2022-03-23 19:40:34','2022-03-23 19:40:34'),(129,'Krystina Schumm','mosciski.alexie@example.org','2022-03-23 19:40:33','$2y$10$92IXUNpkjO0rOQ5byMi.Ye4oKoEa3Ro9llC/.og/at2.uheWG/igi','Jd7lnNFDvD','2022-03-23 19:40:34','2022-03-23 19:40:34'),(130,'Yasmine Doyle','lkovacek@example.com','2022-03-23 19:40:33','$2y$10$92IXUNpkjO0rOQ5byMi.Ye4oKoEa3Ro9llC/.og/at2.uheWG/igi','TN2dfg2ScQ','2022-03-23 19:40:34','2022-03-23 19:40:34'),(131,'Alphonso Kessler','marion.dickens@example.net','2022-03-23 19:40:33','$2y$10$92IXUNpkjO0rOQ5byMi.Ye4oKoEa3Ro9llC/.og/at2.uheWG/igi','fedDHyTyPS','2022-03-23 19:40:34','2022-03-23 19:40:34'),(132,'Nat Collier','carlee60@example.org','2022-03-23 19:40:33','$2y$10$92IXUNpkjO0rOQ5byMi.Ye4oKoEa3Ro9llC/.og/at2.uheWG/igi','sK62jjJgd0','2022-03-23 19:40:34','2022-03-23 19:40:34'),(133,'Alfreda Sauer','gmonahan@example.org','2022-03-23 19:40:33','$2y$10$92IXUNpkjO0rOQ5byMi.Ye4oKoEa3Ro9llC/.og/at2.uheWG/igi','32dXyqsGKj','2022-03-23 19:40:34','2022-03-23 19:40:34'),(134,'Dr. Angel Hackett','kshlerin.gerhard@example.net','2022-03-23 19:40:33','$2y$10$92IXUNpkjO0rOQ5byMi.Ye4oKoEa3Ro9llC/.og/at2.uheWG/igi','oOvphmPjvt','2022-03-23 19:40:34','2022-03-23 19:40:34'),(135,'Benjamin Maggio','sabryna.mckenzie@example.org','2022-03-23 19:40:33','$2y$10$92IXUNpkjO0rOQ5byMi.Ye4oKoEa3Ro9llC/.og/at2.uheWG/igi','SQmXgBRto9','2022-03-23 19:40:34','2022-03-23 19:40:34'),(136,'Collin Bartoletti I','zhoeger@example.net','2022-03-23 19:40:33','$2y$10$92IXUNpkjO0rOQ5byMi.Ye4oKoEa3Ro9llC/.og/at2.uheWG/igi','slvYjNj1z0','2022-03-23 19:40:34','2022-03-23 19:40:34'),(137,'Ena Jakubowski','herman87@example.net','2022-03-23 19:40:33','$2y$10$92IXUNpkjO0rOQ5byMi.Ye4oKoEa3Ro9llC/.og/at2.uheWG/igi','Qb8s4d7q8T','2022-03-23 19:40:34','2022-03-23 19:40:34'),(138,'Armand Friesen','dallas.feil@example.com','2022-03-23 19:40:33','$2y$10$92IXUNpkjO0rOQ5byMi.Ye4oKoEa3Ro9llC/.og/at2.uheWG/igi','lFv0qnDKYr','2022-03-23 19:40:34','2022-03-23 19:40:34'),(139,'Else Morissette','kautzer.lillie@example.org','2022-03-23 19:40:33','$2y$10$92IXUNpkjO0rOQ5byMi.Ye4oKoEa3Ro9llC/.og/at2.uheWG/igi','vEqD6iLuki','2022-03-23 19:40:34','2022-03-23 19:40:34'),(140,'Clarabelle Schinner','prosacco.odessa@example.org','2022-03-23 19:40:33','$2y$10$92IXUNpkjO0rOQ5byMi.Ye4oKoEa3Ro9llC/.og/at2.uheWG/igi','DXX3R5ofQz','2022-03-23 19:40:34','2022-03-23 19:40:34'),(141,'Elissa Hansen','lschmidt@example.org','2022-03-23 19:40:33','$2y$10$92IXUNpkjO0rOQ5byMi.Ye4oKoEa3Ro9llC/.og/at2.uheWG/igi','SL9vlsRsCh','2022-03-23 19:40:34','2022-03-23 19:40:34'),(142,'Prof. Frederique Herzog','madonna.shanahan@example.org','2022-03-23 19:40:33','$2y$10$92IXUNpkjO0rOQ5byMi.Ye4oKoEa3Ro9llC/.og/at2.uheWG/igi','knYnA5M2O4','2022-03-23 19:40:34','2022-03-23 19:40:34'),(143,'Mr. Orland Erdman','ganderson@example.com','2022-03-23 19:40:33','$2y$10$92IXUNpkjO0rOQ5byMi.Ye4oKoEa3Ro9llC/.og/at2.uheWG/igi','qrgcr3mcyl','2022-03-23 19:40:34','2022-03-23 19:40:34'),(144,'Jameson Ratke','price.lowell@example.org','2022-03-23 19:40:33','$2y$10$92IXUNpkjO0rOQ5byMi.Ye4oKoEa3Ro9llC/.og/at2.uheWG/igi','9vb8V4iEMO','2022-03-23 19:40:34','2022-03-23 19:40:34'),(145,'Lilyan Hahn','bhagenes@example.net','2022-03-23 19:40:33','$2y$10$92IXUNpkjO0rOQ5byMi.Ye4oKoEa3Ro9llC/.og/at2.uheWG/igi','Q4nkzNetKy','2022-03-23 19:40:34','2022-03-23 19:40:34'),(146,'Dr. Hudson Morar','larson.johnson@example.com','2022-03-23 19:40:33','$2y$10$92IXUNpkjO0rOQ5byMi.Ye4oKoEa3Ro9llC/.og/at2.uheWG/igi','sozwd9CEAf','2022-03-23 19:40:34','2022-03-23 19:40:34'),(147,'Pauline Rowe','rashad67@example.net','2022-03-23 19:40:33','$2y$10$92IXUNpkjO0rOQ5byMi.Ye4oKoEa3Ro9llC/.og/at2.uheWG/igi','6eZyu9DcrK','2022-03-23 19:40:34','2022-03-23 19:40:34'),(148,'Elaina Wyman PhD','ppagac@example.com','2022-03-23 19:40:33','$2y$10$92IXUNpkjO0rOQ5byMi.Ye4oKoEa3Ro9llC/.og/at2.uheWG/igi','QIuVVLIPr4','2022-03-23 19:40:34','2022-03-23 19:40:34'),(149,'Dorothea Kuhn','kacie.smitham@example.com','2022-03-23 19:40:33','$2y$10$92IXUNpkjO0rOQ5byMi.Ye4oKoEa3Ro9llC/.og/at2.uheWG/igi','ScVAdwhIt8','2022-03-23 19:40:34','2022-03-23 19:40:34'),(150,'Ms. Shanel Jerde DVM','beverly.pacocha@example.net','2022-03-23 19:40:33','$2y$10$92IXUNpkjO0rOQ5byMi.Ye4oKoEa3Ro9llC/.og/at2.uheWG/igi','QZWNirPpsi','2022-03-23 19:40:34','2022-03-23 19:40:34'),(151,'Ms. Bailee Baumbach','turner.baylee@example.org','2022-03-23 19:40:33','$2y$10$92IXUNpkjO0rOQ5byMi.Ye4oKoEa3Ro9llC/.og/at2.uheWG/igi','GEb408v72h','2022-03-23 19:40:34','2022-03-23 19:40:34'),(152,'Dr. Annamae Schumm PhD','richie24@example.net','2022-03-23 19:40:33','$2y$10$92IXUNpkjO0rOQ5byMi.Ye4oKoEa3Ro9llC/.og/at2.uheWG/igi','eJL0RV8CnS','2022-03-23 19:40:34','2022-03-23 19:40:34'),(153,'Lura Runte','batz.cristian@example.net','2022-03-23 19:40:33','$2y$10$92IXUNpkjO0rOQ5byMi.Ye4oKoEa3Ro9llC/.og/at2.uheWG/igi','aOdmVudysG','2022-03-23 19:40:34','2022-03-23 19:40:34'),(154,'Hal Haley','vgislason@example.com','2022-03-23 19:40:33','$2y$10$92IXUNpkjO0rOQ5byMi.Ye4oKoEa3Ro9llC/.og/at2.uheWG/igi','b3KRMDKv2T','2022-03-23 19:40:34','2022-03-23 19:40:34'),(155,'Violet Harris','eshields@example.org','2022-03-23 19:40:33','$2y$10$92IXUNpkjO0rOQ5byMi.Ye4oKoEa3Ro9llC/.og/at2.uheWG/igi','56fmQ1Pt7A','2022-03-23 19:40:34','2022-03-23 19:40:34'),(156,'Mireille Rath','jaydon33@example.net','2022-03-23 19:40:33','$2y$10$92IXUNpkjO0rOQ5byMi.Ye4oKoEa3Ro9llC/.og/at2.uheWG/igi','RUl094M5OP','2022-03-23 19:40:34','2022-03-23 19:40:34'),(157,'Claud Hackett','estel.runolfsson@example.net','2022-03-23 19:40:33','$2y$10$92IXUNpkjO0rOQ5byMi.Ye4oKoEa3Ro9llC/.og/at2.uheWG/igi','ecBvBzWNom','2022-03-23 19:40:34','2022-03-23 19:40:34'),(158,'Marcellus Tremblay II','nat07@example.com','2022-03-23 19:40:33','$2y$10$92IXUNpkjO0rOQ5byMi.Ye4oKoEa3Ro9llC/.og/at2.uheWG/igi','NVz3wqVfGw','2022-03-23 19:40:34','2022-03-23 19:40:34'),(159,'Dr. Tracy Oberbrunner DVM','ywatsica@example.com','2022-03-23 19:40:33','$2y$10$92IXUNpkjO0rOQ5byMi.Ye4oKoEa3Ro9llC/.og/at2.uheWG/igi','VACt8BErt9','2022-03-23 19:40:34','2022-03-23 19:40:34'),(160,'Dr. Syble Abernathy MD','aylin18@example.com','2022-03-23 19:40:33','$2y$10$92IXUNpkjO0rOQ5byMi.Ye4oKoEa3Ro9llC/.og/at2.uheWG/igi','MhoKM0N26l','2022-03-23 19:40:34','2022-03-23 19:40:34'),(161,'Edna Gislason','lukas.pfeffer@example.org','2022-03-23 19:40:33','$2y$10$92IXUNpkjO0rOQ5byMi.Ye4oKoEa3Ro9llC/.og/at2.uheWG/igi','SYtDkUJe5L','2022-03-23 19:40:34','2022-03-23 19:40:34'),(162,'Aida Stokes DDS','hodkiewicz.milan@example.org','2022-03-23 19:40:33','$2y$10$92IXUNpkjO0rOQ5byMi.Ye4oKoEa3Ro9llC/.og/at2.uheWG/igi','6PabRpKHeH','2022-03-23 19:40:34','2022-03-23 19:40:34'),(163,'Miss Danyka Simonis DVM','layla11@example.com','2022-03-23 19:40:33','$2y$10$92IXUNpkjO0rOQ5byMi.Ye4oKoEa3Ro9llC/.og/at2.uheWG/igi','k10K8XljZn','2022-03-23 19:40:34','2022-03-23 19:40:34'),(164,'Fiona Dooley','naomie62@example.com','2022-03-23 19:40:33','$2y$10$92IXUNpkjO0rOQ5byMi.Ye4oKoEa3Ro9llC/.og/at2.uheWG/igi','H761f9ooRh','2022-03-23 19:40:34','2022-03-23 19:40:34'),(165,'Cathryn Connelly','boyer.chaz@example.net','2022-03-23 19:40:33','$2y$10$92IXUNpkjO0rOQ5byMi.Ye4oKoEa3Ro9llC/.og/at2.uheWG/igi','J8Dzm9RfZy','2022-03-23 19:40:34','2022-03-23 19:40:34'),(166,'Quincy Kling Sr.','megane55@example.net','2022-03-23 19:40:33','$2y$10$92IXUNpkjO0rOQ5byMi.Ye4oKoEa3Ro9llC/.og/at2.uheWG/igi','KIOsbWlntL','2022-03-23 19:40:34','2022-03-23 19:40:34'),(167,'Prof. Zoie Runolfsdottir DDS','franecki.macie@example.com','2022-03-23 19:40:33','$2y$10$92IXUNpkjO0rOQ5byMi.Ye4oKoEa3Ro9llC/.og/at2.uheWG/igi','xR84nmBU2B','2022-03-23 19:40:34','2022-03-23 19:40:34'),(168,'Miss Alvera Ankunding Jr.','khalil56@example.net','2022-03-23 19:40:33','$2y$10$92IXUNpkjO0rOQ5byMi.Ye4oKoEa3Ro9llC/.og/at2.uheWG/igi','IO67d8yfg8','2022-03-23 19:40:34','2022-03-23 19:40:34'),(169,'Korbin Larson','icrona@example.org','2022-03-23 19:40:33','$2y$10$92IXUNpkjO0rOQ5byMi.Ye4oKoEa3Ro9llC/.og/at2.uheWG/igi','qDD0HPCpgS','2022-03-23 19:40:34','2022-03-23 19:40:34'),(170,'Anjali Veum III','tpagac@example.org','2022-03-23 19:40:33','$2y$10$92IXUNpkjO0rOQ5byMi.Ye4oKoEa3Ro9llC/.og/at2.uheWG/igi','FSHYDHkI8I','2022-03-23 19:40:34','2022-03-23 19:40:34'),(171,'Mr. Rollin Pagac I','jaylin29@example.net','2022-03-23 19:40:33','$2y$10$92IXUNpkjO0rOQ5byMi.Ye4oKoEa3Ro9llC/.og/at2.uheWG/igi','Z598Ak901o','2022-03-23 19:40:34','2022-03-23 19:40:34'),(172,'Mireille Schmidt I','hickle.fritz@example.org','2022-03-23 19:40:33','$2y$10$92IXUNpkjO0rOQ5byMi.Ye4oKoEa3Ro9llC/.og/at2.uheWG/igi','ssu4Wk4fYN','2022-03-23 19:40:34','2022-03-23 19:40:34'),(173,'Mr. Lavon Bayer IV','bartell.frieda@example.net','2022-03-23 19:40:33','$2y$10$92IXUNpkjO0rOQ5byMi.Ye4oKoEa3Ro9llC/.og/at2.uheWG/igi','Bm6GTA3eZE','2022-03-23 19:40:34','2022-03-23 19:40:34'),(174,'Prof. Angelica Hoppe DDS','rath.floy@example.com','2022-03-23 19:40:33','$2y$10$92IXUNpkjO0rOQ5byMi.Ye4oKoEa3Ro9llC/.og/at2.uheWG/igi','aoivJPnboy','2022-03-23 19:40:34','2022-03-23 19:40:34'),(175,'Krystina Ritchie','ansel.leffler@example.org','2022-03-23 19:40:33','$2y$10$92IXUNpkjO0rOQ5byMi.Ye4oKoEa3Ro9llC/.og/at2.uheWG/igi','Z1CB9kjoK1','2022-03-23 19:40:34','2022-03-23 19:40:34'),(176,'Ubaldo Larkin','louie.langworth@example.org','2022-03-23 19:40:33','$2y$10$92IXUNpkjO0rOQ5byMi.Ye4oKoEa3Ro9llC/.og/at2.uheWG/igi','2IdMk7rjxP','2022-03-23 19:40:34','2022-03-23 19:40:34'),(177,'Nick Zemlak','danyka.schinner@example.net','2022-03-23 19:40:33','$2y$10$92IXUNpkjO0rOQ5byMi.Ye4oKoEa3Ro9llC/.og/at2.uheWG/igi','bi0jkKlC0u','2022-03-23 19:40:34','2022-03-23 19:40:34'),(178,'Dashawn Boehm','reyes35@example.org','2022-03-23 19:40:33','$2y$10$92IXUNpkjO0rOQ5byMi.Ye4oKoEa3Ro9llC/.og/at2.uheWG/igi','267KNBpOtD','2022-03-23 19:40:34','2022-03-23 19:40:34'),(179,'Providenci Davis','yasmeen.rippin@example.org','2022-03-23 19:40:33','$2y$10$92IXUNpkjO0rOQ5byMi.Ye4oKoEa3Ro9llC/.og/at2.uheWG/igi','jZBGHZFEnq','2022-03-23 19:40:34','2022-03-23 19:40:34'),(180,'Ena Kohler','alize19@example.net','2022-03-23 19:40:33','$2y$10$92IXUNpkjO0rOQ5byMi.Ye4oKoEa3Ro9llC/.og/at2.uheWG/igi','iRVBhR99Fz','2022-03-23 19:40:34','2022-03-23 19:40:34'),(181,'Everette Abshire','monahan.lolita@example.net','2022-03-23 19:40:33','$2y$10$92IXUNpkjO0rOQ5byMi.Ye4oKoEa3Ro9llC/.og/at2.uheWG/igi','Qtwq96xklr','2022-03-23 19:40:34','2022-03-23 19:40:34'),(182,'Dr. Major Nader MD','ywiegand@example.com','2022-03-23 19:40:33','$2y$10$92IXUNpkjO0rOQ5byMi.Ye4oKoEa3Ro9llC/.og/at2.uheWG/igi','Vz84QN7muD','2022-03-23 19:40:34','2022-03-23 19:40:34'),(183,'Ms. Charlotte Denesik','issac89@example.org','2022-03-23 19:40:33','$2y$10$92IXUNpkjO0rOQ5byMi.Ye4oKoEa3Ro9llC/.og/at2.uheWG/igi','8feTbMc7cu','2022-03-23 19:40:34','2022-03-23 19:40:34'),(184,'Kip Bayer PhD','jewell.larson@example.net','2022-03-23 19:40:33','$2y$10$92IXUNpkjO0rOQ5byMi.Ye4oKoEa3Ro9llC/.og/at2.uheWG/igi','K0Hbgzzp7F','2022-03-23 19:40:34','2022-03-23 19:40:34'),(185,'Berniece Weissnat','blanca56@example.org','2022-03-23 19:40:33','$2y$10$92IXUNpkjO0rOQ5byMi.Ye4oKoEa3Ro9llC/.og/at2.uheWG/igi','dwOOP2wvtT','2022-03-23 19:40:34','2022-03-23 19:40:34'),(186,'Mr. Orin Bednar','brady.donnelly@example.org','2022-03-23 19:40:33','$2y$10$92IXUNpkjO0rOQ5byMi.Ye4oKoEa3Ro9llC/.og/at2.uheWG/igi','5wAtVHy6Hq','2022-03-23 19:40:34','2022-03-23 19:40:34'),(187,'Mr. Noe Bernhard IV','tbrown@example.org','2022-03-23 19:40:33','$2y$10$92IXUNpkjO0rOQ5byMi.Ye4oKoEa3Ro9llC/.og/at2.uheWG/igi','SsSwH35nMG','2022-03-23 19:40:34','2022-03-23 19:40:34'),(188,'Mr. Gennaro Mayer Jr.','mann.antonetta@example.com','2022-03-23 19:40:33','$2y$10$92IXUNpkjO0rOQ5byMi.Ye4oKoEa3Ro9llC/.og/at2.uheWG/igi','9qHrp6mNcC','2022-03-23 19:40:34','2022-03-23 19:40:34'),(189,'Destinee Lowe','pierre.mueller@example.net','2022-03-23 19:40:33','$2y$10$92IXUNpkjO0rOQ5byMi.Ye4oKoEa3Ro9llC/.og/at2.uheWG/igi','5MUIwD9YEl','2022-03-23 19:40:34','2022-03-23 19:40:34'),(190,'Oren Marks','matt.roob@example.net','2022-03-23 19:40:33','$2y$10$92IXUNpkjO0rOQ5byMi.Ye4oKoEa3Ro9llC/.og/at2.uheWG/igi','8VjawpyYQw','2022-03-23 19:40:34','2022-03-23 19:40:34'),(191,'Princess Torp','pamela.harber@example.net','2022-03-23 19:40:33','$2y$10$92IXUNpkjO0rOQ5byMi.Ye4oKoEa3Ro9llC/.og/at2.uheWG/igi','7MajJRokdh','2022-03-23 19:40:34','2022-03-23 19:40:34'),(192,'Chaim Gleason','jacobson.billie@example.net','2022-03-23 19:40:33','$2y$10$92IXUNpkjO0rOQ5byMi.Ye4oKoEa3Ro9llC/.og/at2.uheWG/igi','011zOJAT8D','2022-03-23 19:40:34','2022-03-23 19:40:34'),(193,'Miss Anya Nicolas','wgislason@example.org','2022-03-23 19:40:33','$2y$10$92IXUNpkjO0rOQ5byMi.Ye4oKoEa3Ro9llC/.og/at2.uheWG/igi','zHOCgKoCic','2022-03-23 19:40:34','2022-03-23 19:40:34'),(194,'Laurel Fritsch','bogisich.caterina@example.com','2022-03-23 19:40:33','$2y$10$92IXUNpkjO0rOQ5byMi.Ye4oKoEa3Ro9llC/.og/at2.uheWG/igi','lgDKuc3LsX','2022-03-23 19:40:34','2022-03-23 19:40:34'),(195,'Rosalinda Champlin','hobart55@example.org','2022-03-23 19:40:33','$2y$10$92IXUNpkjO0rOQ5byMi.Ye4oKoEa3Ro9llC/.og/at2.uheWG/igi','d2pCZ0ddge','2022-03-23 19:40:34','2022-03-23 19:40:34'),(196,'Elsie Rosenbaum','dee.schultz@example.net','2022-03-23 19:40:33','$2y$10$92IXUNpkjO0rOQ5byMi.Ye4oKoEa3Ro9llC/.og/at2.uheWG/igi','zR2PvgSPa5','2022-03-23 19:40:34','2022-03-23 19:40:34'),(197,'Beaulah Moore','kelsie95@example.net','2022-03-23 19:40:33','$2y$10$92IXUNpkjO0rOQ5byMi.Ye4oKoEa3Ro9llC/.og/at2.uheWG/igi','gQmtGg4erZ','2022-03-23 19:40:34','2022-03-23 19:40:34'),(198,'Orville Fadel','tyreek46@example.com','2022-03-23 19:40:33','$2y$10$92IXUNpkjO0rOQ5byMi.Ye4oKoEa3Ro9llC/.og/at2.uheWG/igi','MxF86QnqyS','2022-03-23 19:40:34','2022-03-23 19:40:34'),(199,'Adelle Lockman','dustin49@example.org','2022-03-23 19:40:33','$2y$10$92IXUNpkjO0rOQ5byMi.Ye4oKoEa3Ro9llC/.og/at2.uheWG/igi','0Pm6E4scLp','2022-03-23 19:40:34','2022-03-23 19:40:34'),(200,'Prof. Shayna Schimmel','sporer.maude@example.com','2022-03-23 19:40:33','$2y$10$92IXUNpkjO0rOQ5byMi.Ye4oKoEa3Ro9llC/.og/at2.uheWG/igi','3o8iHzoOjr','2022-03-23 19:40:34','2022-03-23 19:40:34'),(201,'Helen Sauer III','block.maya@example.net','2022-03-23 19:40:33','$2y$10$92IXUNpkjO0rOQ5byMi.Ye4oKoEa3Ro9llC/.og/at2.uheWG/igi','bmj8LPxuXl','2022-03-23 19:40:34','2022-03-23 19:40:34'),(202,'Erin Ryan','zgislason@example.org','2022-03-23 19:40:33','$2y$10$92IXUNpkjO0rOQ5byMi.Ye4oKoEa3Ro9llC/.og/at2.uheWG/igi','3WFt9SIeoi','2022-03-23 19:40:34','2022-03-23 19:40:34'),(203,'Jerrell Bernier','ernestina62@example.net','2022-03-23 19:40:33','$2y$10$92IXUNpkjO0rOQ5byMi.Ye4oKoEa3Ro9llC/.og/at2.uheWG/igi','iowqpYBMCb','2022-03-23 19:40:34','2022-03-23 19:40:34'),(204,'Mrs. Brooklyn Effertz','savanna00@example.net','2022-03-23 19:40:33','$2y$10$92IXUNpkjO0rOQ5byMi.Ye4oKoEa3Ro9llC/.og/at2.uheWG/igi','Sm9RKuYwRy','2022-03-23 19:40:34','2022-03-23 19:40:34'),(205,'Howell Kris DVM','jerome46@example.net','2022-03-23 19:40:33','$2y$10$92IXUNpkjO0rOQ5byMi.Ye4oKoEa3Ro9llC/.og/at2.uheWG/igi','qKFwBjaxiW','2022-03-23 19:40:34','2022-03-23 19:40:34'),(206,'Alva Hill','llewellyn55@example.com','2022-03-23 19:40:33','$2y$10$92IXUNpkjO0rOQ5byMi.Ye4oKoEa3Ro9llC/.og/at2.uheWG/igi','qJRJGL3LhB','2022-03-23 19:40:34','2022-03-23 19:40:34'),(207,'Vivianne Corwin','modesto31@example.com','2022-03-23 19:40:33','$2y$10$92IXUNpkjO0rOQ5byMi.Ye4oKoEa3Ro9llC/.og/at2.uheWG/igi','5RyxxXNv5r','2022-03-23 19:40:34','2022-03-23 19:40:34'),(208,'Soledad Stoltenberg','qrau@example.com','2022-03-23 19:40:33','$2y$10$92IXUNpkjO0rOQ5byMi.Ye4oKoEa3Ro9llC/.og/at2.uheWG/igi','OVuHGzCHoP','2022-03-23 19:40:35','2022-03-23 19:40:35'),(209,'Mrs. Paula Cartwright','fschmidt@example.net','2022-03-23 19:40:33','$2y$10$92IXUNpkjO0rOQ5byMi.Ye4oKoEa3Ro9llC/.og/at2.uheWG/igi','q8HfI7elZk','2022-03-23 19:40:35','2022-03-23 19:40:35'),(210,'Rickie Lang MD','rachelle.erdman@example.net','2022-03-23 19:40:33','$2y$10$92IXUNpkjO0rOQ5byMi.Ye4oKoEa3Ro9llC/.og/at2.uheWG/igi','SsYvZOpcgN','2022-03-23 19:40:35','2022-03-23 19:40:35'),(211,'Mr. Keanu VonRueden','bheathcote@example.org','2022-03-23 19:40:33','$2y$10$92IXUNpkjO0rOQ5byMi.Ye4oKoEa3Ro9llC/.og/at2.uheWG/igi','92KmgADxai','2022-03-23 19:40:35','2022-03-23 19:40:35'),(212,'Prof. Helga Carter Sr.','zstehr@example.net','2022-03-23 19:40:33','$2y$10$92IXUNpkjO0rOQ5byMi.Ye4oKoEa3Ro9llC/.og/at2.uheWG/igi','gxHEji8QSV','2022-03-23 19:40:35','2022-03-23 19:40:35'),(213,'Dr. Autumn Tromp','jamarcus.corkery@example.net','2022-03-23 19:40:33','$2y$10$92IXUNpkjO0rOQ5byMi.Ye4oKoEa3Ro9llC/.og/at2.uheWG/igi','WNEsdjapW9','2022-03-23 19:40:35','2022-03-23 19:40:35'),(214,'Amparo Mosciski','emmanuel66@example.net','2022-03-23 19:40:33','$2y$10$92IXUNpkjO0rOQ5byMi.Ye4oKoEa3Ro9llC/.og/at2.uheWG/igi','I8s36Ps5za','2022-03-23 19:40:35','2022-03-23 19:40:35'),(215,'Miss Leatha Emard DDS','myriam.mante@example.org','2022-03-23 19:40:33','$2y$10$92IXUNpkjO0rOQ5byMi.Ye4oKoEa3Ro9llC/.og/at2.uheWG/igi','lIAaa2gcxk','2022-03-23 19:40:35','2022-03-23 19:40:35'),(216,'Lambert Roob','josh.breitenberg@example.com','2022-03-23 19:40:33','$2y$10$92IXUNpkjO0rOQ5byMi.Ye4oKoEa3Ro9llC/.og/at2.uheWG/igi','FZPVib67kl','2022-03-23 19:40:35','2022-03-23 19:40:35'),(217,'Derrick Satterfield','braun.tessie@example.org','2022-03-23 19:40:33','$2y$10$92IXUNpkjO0rOQ5byMi.Ye4oKoEa3Ro9llC/.og/at2.uheWG/igi','Xh5YgrMe6e','2022-03-23 19:40:35','2022-03-23 19:40:35'),(218,'Lura VonRueden','oframi@example.org','2022-03-23 19:40:33','$2y$10$92IXUNpkjO0rOQ5byMi.Ye4oKoEa3Ro9llC/.og/at2.uheWG/igi','7TFz4ro2qe','2022-03-23 19:40:35','2022-03-23 19:40:35'),(219,'Braxton Mann','vkonopelski@example.org','2022-03-23 19:40:33','$2y$10$92IXUNpkjO0rOQ5byMi.Ye4oKoEa3Ro9llC/.og/at2.uheWG/igi','2uY3vjSCOG','2022-03-23 19:40:35','2022-03-23 19:40:35'),(220,'Mr. German McClure','lruecker@example.com','2022-03-23 19:40:33','$2y$10$92IXUNpkjO0rOQ5byMi.Ye4oKoEa3Ro9llC/.og/at2.uheWG/igi','xaB8BpMvH1','2022-03-23 19:40:35','2022-03-23 19:40:35'),(221,'Declan Larson','dylan41@example.com','2022-03-23 19:41:08','$2y$10$92IXUNpkjO0rOQ5byMi.Ye4oKoEa3Ro9llC/.og/at2.uheWG/igi','IsdZn8StdW','2022-03-23 19:41:08','2022-03-23 19:41:08'),(222,'Reina Heller','hill.sierra@example.org','2022-03-23 19:41:08','$2y$10$92IXUNpkjO0rOQ5byMi.Ye4oKoEa3Ro9llC/.og/at2.uheWG/igi','ctBp6a6ajU','2022-03-23 19:41:08','2022-03-23 19:41:08'),(223,'Antonina Daniel PhD','jauer@example.com','2022-03-23 19:41:08','$2y$10$92IXUNpkjO0rOQ5byMi.Ye4oKoEa3Ro9llC/.og/at2.uheWG/igi','tEzx4GIO0t','2022-03-23 19:41:08','2022-03-23 19:41:08'),(224,'Davion Bauch','isaiah.goldner@example.org','2022-03-23 19:41:08','$2y$10$92IXUNpkjO0rOQ5byMi.Ye4oKoEa3Ro9llC/.og/at2.uheWG/igi','sDbN5haFzv','2022-03-23 19:41:08','2022-03-23 19:41:08'),(225,'Felipa Doyle','shields.keyshawn@example.org','2022-03-23 19:41:08','$2y$10$92IXUNpkjO0rOQ5byMi.Ye4oKoEa3Ro9llC/.og/at2.uheWG/igi','Nd60nsN3wD','2022-03-23 19:41:08','2022-03-23 19:41:08'),(226,'Layne Berge','mitchell.sally@example.net','2022-03-23 19:41:08','$2y$10$92IXUNpkjO0rOQ5byMi.Ye4oKoEa3Ro9llC/.og/at2.uheWG/igi','ztjE5qSyZJ','2022-03-23 19:41:08','2022-03-23 19:41:08'),(227,'Lera Weber','nrussel@example.org','2022-03-23 19:41:08','$2y$10$92IXUNpkjO0rOQ5byMi.Ye4oKoEa3Ro9llC/.og/at2.uheWG/igi','bOkHzyy8ic','2022-03-23 19:41:08','2022-03-23 19:41:08'),(228,'Ms. Santina Schmitt DDS','kirstin08@example.net','2022-03-23 19:41:08','$2y$10$92IXUNpkjO0rOQ5byMi.Ye4oKoEa3Ro9llC/.og/at2.uheWG/igi','35PORV86aC','2022-03-23 19:41:08','2022-03-23 19:41:08'),(229,'Ashlee Luettgen','marquardt.german@example.net','2022-03-23 19:41:08','$2y$10$92IXUNpkjO0rOQ5byMi.Ye4oKoEa3Ro9llC/.og/at2.uheWG/igi','mcbowZTjy3','2022-03-23 19:41:08','2022-03-23 19:41:08'),(230,'Dr. Vernice Satterfield','braun.rafael@example.org','2022-03-23 19:41:08','$2y$10$92IXUNpkjO0rOQ5byMi.Ye4oKoEa3Ro9llC/.og/at2.uheWG/igi','uoLvPfOl06','2022-03-23 19:41:08','2022-03-23 19:41:08'),(231,'Morgan Lebsack DDS','waelchi.jaycee@example.net','2022-03-23 19:41:08','$2y$10$92IXUNpkjO0rOQ5byMi.Ye4oKoEa3Ro9llC/.og/at2.uheWG/igi','xb6UqkxAeG','2022-03-23 19:41:08','2022-03-23 19:41:08'),(232,'Naomi Waelchi','gtillman@example.net','2022-03-23 19:41:08','$2y$10$92IXUNpkjO0rOQ5byMi.Ye4oKoEa3Ro9llC/.og/at2.uheWG/igi','YIaiCf2Q8l','2022-03-23 19:41:08','2022-03-23 19:41:08'),(233,'Mr. Tyler Stroman','nstroman@example.net','2022-03-23 19:41:08','$2y$10$92IXUNpkjO0rOQ5byMi.Ye4oKoEa3Ro9llC/.og/at2.uheWG/igi','eH810rYl3d','2022-03-23 19:41:08','2022-03-23 19:41:08'),(234,'Elizabeth Ryan','sanford15@example.org','2022-03-23 19:41:08','$2y$10$92IXUNpkjO0rOQ5byMi.Ye4oKoEa3Ro9llC/.og/at2.uheWG/igi','3ZNcMK1QkA','2022-03-23 19:41:08','2022-03-23 19:41:08'),(235,'Elouise Christiansen','pmetz@example.net','2022-03-23 19:41:08','$2y$10$92IXUNpkjO0rOQ5byMi.Ye4oKoEa3Ro9llC/.og/at2.uheWG/igi','DNW2aoMX0A','2022-03-23 19:41:08','2022-03-23 19:41:08'),(236,'Coy Wunsch','marcos36@example.net','2022-03-23 19:41:08','$2y$10$92IXUNpkjO0rOQ5byMi.Ye4oKoEa3Ro9llC/.og/at2.uheWG/igi','2KtuRz9BvQ','2022-03-23 19:41:08','2022-03-23 19:41:08'),(237,'Isaac Schumm','emile.dare@example.org','2022-03-23 19:41:08','$2y$10$92IXUNpkjO0rOQ5byMi.Ye4oKoEa3Ro9llC/.og/at2.uheWG/igi','ppyYVT4wk3','2022-03-23 19:41:08','2022-03-23 19:41:08'),(238,'Mireya Gulgowski','brendan.huel@example.com','2022-03-23 19:41:08','$2y$10$92IXUNpkjO0rOQ5byMi.Ye4oKoEa3Ro9llC/.og/at2.uheWG/igi','JH4OfcMp4w','2022-03-23 19:41:08','2022-03-23 19:41:08'),(239,'Lois Davis','mertie90@example.net','2022-03-23 19:41:08','$2y$10$92IXUNpkjO0rOQ5byMi.Ye4oKoEa3Ro9llC/.og/at2.uheWG/igi','fYJAkLuzTQ','2022-03-23 19:41:08','2022-03-23 19:41:08'),(240,'Dr. Kassandra Rempel','veronica.kuphal@example.com','2022-03-23 19:41:08','$2y$10$92IXUNpkjO0rOQ5byMi.Ye4oKoEa3Ro9llC/.og/at2.uheWG/igi','or0wznQk2n','2022-03-23 19:41:08','2022-03-23 19:41:08'),(241,'Vinnie Von III','lolita.price@example.net','2022-03-23 19:41:08','$2y$10$92IXUNpkjO0rOQ5byMi.Ye4oKoEa3Ro9llC/.og/at2.uheWG/igi','ph6ZakiJIc','2022-03-23 19:41:08','2022-03-23 19:41:08'),(242,'Tillman Fisher','orie.bergstrom@example.net','2022-03-23 19:41:08','$2y$10$92IXUNpkjO0rOQ5byMi.Ye4oKoEa3Ro9llC/.og/at2.uheWG/igi','XOe5BuFtiP','2022-03-23 19:41:08','2022-03-23 19:41:08'),(243,'Augustine Feil','zgibson@example.org','2022-03-23 19:41:08','$2y$10$92IXUNpkjO0rOQ5byMi.Ye4oKoEa3Ro9llC/.og/at2.uheWG/igi','db74VOux4j','2022-03-23 19:41:08','2022-03-23 19:41:08'),(244,'Mr. Brandon Russel V','skiles.alejandrin@example.com','2022-03-23 19:41:08','$2y$10$92IXUNpkjO0rOQ5byMi.Ye4oKoEa3Ro9llC/.og/at2.uheWG/igi','fgV8vJNRFm','2022-03-23 19:41:08','2022-03-23 19:41:08'),(245,'Miss Lorna Hegmann','kathlyn54@example.com','2022-03-23 19:41:08','$2y$10$92IXUNpkjO0rOQ5byMi.Ye4oKoEa3Ro9llC/.og/at2.uheWG/igi','IELctrIJAd','2022-03-23 19:41:08','2022-03-23 19:41:08'),(246,'Howard Conn','nathen34@example.net','2022-03-23 19:41:08','$2y$10$92IXUNpkjO0rOQ5byMi.Ye4oKoEa3Ro9llC/.og/at2.uheWG/igi','6olUiwjf4O','2022-03-23 19:41:09','2022-03-23 19:41:09'),(247,'Santiago Bayer Sr.','jast.mikel@example.org','2022-03-23 19:41:08','$2y$10$92IXUNpkjO0rOQ5byMi.Ye4oKoEa3Ro9llC/.og/at2.uheWG/igi','H2LM7tFBoG','2022-03-23 19:41:09','2022-03-23 19:41:09'),(248,'Ona Altenwerth','grant.freeda@example.net','2022-03-23 19:41:08','$2y$10$92IXUNpkjO0rOQ5byMi.Ye4oKoEa3Ro9llC/.og/at2.uheWG/igi','NQjng6Vn3Q','2022-03-23 19:41:09','2022-03-23 19:41:09'),(249,'Hailey Kovacek III','norwood.stroman@example.com','2022-03-23 19:41:08','$2y$10$92IXUNpkjO0rOQ5byMi.Ye4oKoEa3Ro9llC/.og/at2.uheWG/igi','R6Ic8zFHcm','2022-03-23 19:41:09','2022-03-23 19:41:09'),(250,'Shemar Goodwin','vfahey@example.com','2022-03-23 19:41:08','$2y$10$92IXUNpkjO0rOQ5byMi.Ye4oKoEa3Ro9llC/.og/at2.uheWG/igi','76ECxfVwfV','2022-03-23 19:41:09','2022-03-23 19:41:09'),(251,'Cleo Schoen','howell.walker@example.org','2022-03-23 19:41:08','$2y$10$92IXUNpkjO0rOQ5byMi.Ye4oKoEa3Ro9llC/.og/at2.uheWG/igi','bEYCVyHFd6','2022-03-23 19:41:09','2022-03-23 19:41:09'),(252,'Mr. Ian McLaughlin','adah.schaden@example.net','2022-03-23 19:41:08','$2y$10$92IXUNpkjO0rOQ5byMi.Ye4oKoEa3Ro9llC/.og/at2.uheWG/igi','h5fYMfK1XO','2022-03-23 19:41:09','2022-03-23 19:41:09'),(253,'Cecelia Runolfsdottir DVM','ggrant@example.com','2022-03-23 19:41:08','$2y$10$92IXUNpkjO0rOQ5byMi.Ye4oKoEa3Ro9llC/.og/at2.uheWG/igi','hZDlYBVSwk','2022-03-23 19:41:09','2022-03-23 19:41:09'),(254,'Cynthia Powlowski II','gframi@example.com','2022-03-23 19:41:08','$2y$10$92IXUNpkjO0rOQ5byMi.Ye4oKoEa3Ro9llC/.og/at2.uheWG/igi','zEXzaQfN0w','2022-03-23 19:41:09','2022-03-23 19:41:09'),(255,'Serena Rodriguez','terry.cornelius@example.com','2022-03-23 19:41:08','$2y$10$92IXUNpkjO0rOQ5byMi.Ye4oKoEa3Ro9llC/.og/at2.uheWG/igi','yj2vfXZdsE','2022-03-23 19:41:09','2022-03-23 19:41:09'),(256,'Jed Swift','donato41@example.org','2022-03-23 19:41:08','$2y$10$92IXUNpkjO0rOQ5byMi.Ye4oKoEa3Ro9llC/.og/at2.uheWG/igi','HaeKOCk8ot','2022-03-23 19:41:09','2022-03-23 19:41:09'),(257,'Ms. Rachel Greenholt II','amalia19@example.com','2022-03-23 19:41:08','$2y$10$92IXUNpkjO0rOQ5byMi.Ye4oKoEa3Ro9llC/.og/at2.uheWG/igi','dwnms5hu8W','2022-03-23 19:41:09','2022-03-23 19:41:09'),(258,'Ms. Reta Erdman DVM','greenholt.angeline@example.org','2022-03-23 19:41:08','$2y$10$92IXUNpkjO0rOQ5byMi.Ye4oKoEa3Ro9llC/.og/at2.uheWG/igi','nBXsFHYQ42','2022-03-23 19:41:09','2022-03-23 19:41:09'),(259,'Jaclyn Considine','alfredo72@example.org','2022-03-23 19:41:08','$2y$10$92IXUNpkjO0rOQ5byMi.Ye4oKoEa3Ro9llC/.og/at2.uheWG/igi','RqBcFSv7N8','2022-03-23 19:41:09','2022-03-23 19:41:09'),(260,'Herbert Krajcik Jr.','jennings.homenick@example.org','2022-03-23 19:41:08','$2y$10$92IXUNpkjO0rOQ5byMi.Ye4oKoEa3Ro9llC/.og/at2.uheWG/igi','N6hixfeIuJ','2022-03-23 19:41:09','2022-03-23 19:41:09'),(261,'Mr. Jimmy Toy Jr.','dax94@example.org','2022-03-23 19:41:08','$2y$10$92IXUNpkjO0rOQ5byMi.Ye4oKoEa3Ro9llC/.og/at2.uheWG/igi','MNYgdW34k5','2022-03-23 19:41:09','2022-03-23 19:41:09'),(262,'Ellen Franecki','nschinner@example.net','2022-03-23 19:41:08','$2y$10$92IXUNpkjO0rOQ5byMi.Ye4oKoEa3Ro9llC/.og/at2.uheWG/igi','t3kR5ZVkQm','2022-03-23 19:41:09','2022-03-23 19:41:09'),(263,'Bernard Ledner','genoveva80@example.net','2022-03-23 19:41:08','$2y$10$92IXUNpkjO0rOQ5byMi.Ye4oKoEa3Ro9llC/.og/at2.uheWG/igi','vtnM7KwRdU','2022-03-23 19:41:09','2022-03-23 19:41:09'),(264,'Jean Hills','aherzog@example.com','2022-03-23 19:41:08','$2y$10$92IXUNpkjO0rOQ5byMi.Ye4oKoEa3Ro9llC/.og/at2.uheWG/igi','CUvlzVL456','2022-03-23 19:41:09','2022-03-23 19:41:09'),(265,'Dr. Kristian Dickinson IV','lucie50@example.org','2022-03-23 19:41:08','$2y$10$92IXUNpkjO0rOQ5byMi.Ye4oKoEa3Ro9llC/.og/at2.uheWG/igi','d8ExyKIB9z','2022-03-23 19:41:09','2022-03-23 19:41:09'),(266,'Prof. Felicity Bergnaum','schuster.darius@example.org','2022-03-23 19:41:08','$2y$10$92IXUNpkjO0rOQ5byMi.Ye4oKoEa3Ro9llC/.og/at2.uheWG/igi','ZpSfYW2K56','2022-03-23 19:41:09','2022-03-23 19:41:09'),(267,'Prof. Delphia Fritsch','kwiegand@example.com','2022-03-23 19:41:08','$2y$10$92IXUNpkjO0rOQ5byMi.Ye4oKoEa3Ro9llC/.og/at2.uheWG/igi','1ZE0xQAPbJ','2022-03-23 19:41:09','2022-03-23 19:41:09'),(268,'Prof. Hester Oberbrunner I','toney.kozey@example.org','2022-03-23 19:41:08','$2y$10$92IXUNpkjO0rOQ5byMi.Ye4oKoEa3Ro9llC/.og/at2.uheWG/igi','MPAjdD78uj','2022-03-23 19:41:09','2022-03-23 19:41:09'),(269,'Wellington Lynch','enola29@example.org','2022-03-23 19:41:08','$2y$10$92IXUNpkjO0rOQ5byMi.Ye4oKoEa3Ro9llC/.og/at2.uheWG/igi','X7jJeTr5jp','2022-03-23 19:41:09','2022-03-23 19:41:09'),(270,'Prudence Mitchell','funk.alexis@example.com','2022-03-23 19:41:08','$2y$10$92IXUNpkjO0rOQ5byMi.Ye4oKoEa3Ro9llC/.og/at2.uheWG/igi','ODYVGGZFWz','2022-03-23 19:41:09','2022-03-23 19:41:09'),(271,'Ms. Alexandra Schaefer','kaela.wisozk@example.com','2022-03-23 19:41:08','$2y$10$92IXUNpkjO0rOQ5byMi.Ye4oKoEa3Ro9llC/.og/at2.uheWG/igi','aVpgcHCVYe','2022-03-23 19:41:09','2022-03-23 19:41:09'),(272,'Anissa Stark','reanna23@example.com','2022-03-23 19:41:08','$2y$10$92IXUNpkjO0rOQ5byMi.Ye4oKoEa3Ro9llC/.og/at2.uheWG/igi','9F4V8mBIJ5','2022-03-23 19:41:09','2022-03-23 19:41:09'),(273,'Felix Schumm','brandy10@example.org','2022-03-23 19:41:08','$2y$10$92IXUNpkjO0rOQ5byMi.Ye4oKoEa3Ro9llC/.og/at2.uheWG/igi','Nbd64D8XB7','2022-03-23 19:41:09','2022-03-23 19:41:09'),(274,'Ola Reichel','boyle.derrick@example.net','2022-03-23 19:41:08','$2y$10$92IXUNpkjO0rOQ5byMi.Ye4oKoEa3Ro9llC/.og/at2.uheWG/igi','OTdRUxf4OQ','2022-03-23 19:41:09','2022-03-23 19:41:09'),(275,'Mr. Tyree Spinka DVM','lula.schuppe@example.net','2022-03-23 19:41:08','$2y$10$92IXUNpkjO0rOQ5byMi.Ye4oKoEa3Ro9llC/.og/at2.uheWG/igi','OtOoDfTTMA','2022-03-23 19:41:09','2022-03-23 19:41:09'),(276,'Elroy Goldner','cmonahan@example.net','2022-03-23 19:41:08','$2y$10$92IXUNpkjO0rOQ5byMi.Ye4oKoEa3Ro9llC/.og/at2.uheWG/igi','sam1UEdzCY','2022-03-23 19:41:09','2022-03-23 19:41:09'),(277,'Corine Lueilwitz','walton94@example.net','2022-03-23 19:41:08','$2y$10$92IXUNpkjO0rOQ5byMi.Ye4oKoEa3Ro9llC/.og/at2.uheWG/igi','iUpGbYLpsh','2022-03-23 19:41:09','2022-03-23 19:41:09'),(278,'Pink Green','udare@example.org','2022-03-23 19:41:08','$2y$10$92IXUNpkjO0rOQ5byMi.Ye4oKoEa3Ro9llC/.og/at2.uheWG/igi','wVeIZhgwzS','2022-03-23 19:41:09','2022-03-23 19:41:09'),(279,'Dayton Wisozk','dawn.jacobi@example.net','2022-03-23 19:41:08','$2y$10$92IXUNpkjO0rOQ5byMi.Ye4oKoEa3Ro9llC/.og/at2.uheWG/igi','a3x76i3fQp','2022-03-23 19:41:09','2022-03-23 19:41:09'),(280,'Ena Hammes','bwiegand@example.org','2022-03-23 19:41:08','$2y$10$92IXUNpkjO0rOQ5byMi.Ye4oKoEa3Ro9llC/.og/at2.uheWG/igi','DMrEEFvKc7','2022-03-23 19:41:09','2022-03-23 19:41:09'),(281,'Beaulah Mraz','ahansen@example.com','2022-03-23 19:41:08','$2y$10$92IXUNpkjO0rOQ5byMi.Ye4oKoEa3Ro9llC/.og/at2.uheWG/igi','aR1fqIO80i','2022-03-23 19:41:09','2022-03-23 19:41:09'),(282,'Dr. Donnie D\'Amore','cheyanne.hamill@example.org','2022-03-23 19:41:08','$2y$10$92IXUNpkjO0rOQ5byMi.Ye4oKoEa3Ro9llC/.og/at2.uheWG/igi','TnaxdrtNZM','2022-03-23 19:41:09','2022-03-23 19:41:09'),(283,'Adaline Runte','qemmerich@example.com','2022-03-23 19:41:08','$2y$10$92IXUNpkjO0rOQ5byMi.Ye4oKoEa3Ro9llC/.og/at2.uheWG/igi','THgLdA5dBA','2022-03-23 19:41:09','2022-03-23 19:41:09'),(284,'Jewel Purdy V','deckow.rigoberto@example.org','2022-03-23 19:41:08','$2y$10$92IXUNpkjO0rOQ5byMi.Ye4oKoEa3Ro9llC/.og/at2.uheWG/igi','3CMFkqyu0R','2022-03-23 19:41:09','2022-03-23 19:41:09'),(285,'Mrs. Myra Trantow I','hickle.abdiel@example.com','2022-03-23 19:41:08','$2y$10$92IXUNpkjO0rOQ5byMi.Ye4oKoEa3Ro9llC/.og/at2.uheWG/igi','4IMAynM9mi','2022-03-23 19:41:09','2022-03-23 19:41:09'),(286,'Georgianna Reichel Jr.','scrona@example.com','2022-03-23 19:41:08','$2y$10$92IXUNpkjO0rOQ5byMi.Ye4oKoEa3Ro9llC/.og/at2.uheWG/igi','kff9UKYoKn','2022-03-23 19:41:09','2022-03-23 19:41:09'),(287,'Zetta White PhD','schumm.greg@example.net','2022-03-23 19:41:08','$2y$10$92IXUNpkjO0rOQ5byMi.Ye4oKoEa3Ro9llC/.og/at2.uheWG/igi','CB8dC3CRdM','2022-03-23 19:41:09','2022-03-23 19:41:09'),(288,'Lorenzo Langosh','hmclaughlin@example.org','2022-03-23 19:41:08','$2y$10$92IXUNpkjO0rOQ5byMi.Ye4oKoEa3Ro9llC/.og/at2.uheWG/igi','evu8NmL7V1','2022-03-23 19:41:09','2022-03-23 19:41:09'),(289,'Gage Dickens','feffertz@example.com','2022-03-23 19:41:08','$2y$10$92IXUNpkjO0rOQ5byMi.Ye4oKoEa3Ro9llC/.og/at2.uheWG/igi','A1N0Ttu6Iu','2022-03-23 19:41:09','2022-03-23 19:41:09'),(290,'Ms. Alanis Hamill','aufderhar.salma@example.net','2022-03-23 19:41:08','$2y$10$92IXUNpkjO0rOQ5byMi.Ye4oKoEa3Ro9llC/.og/at2.uheWG/igi','N6YgtO7ypu','2022-03-23 19:41:09','2022-03-23 19:41:09'),(291,'Dr. Hortense O\'Keefe DVM','fdavis@example.com','2022-03-23 19:41:08','$2y$10$92IXUNpkjO0rOQ5byMi.Ye4oKoEa3Ro9llC/.og/at2.uheWG/igi','QQ1yiu6PLn','2022-03-23 19:41:09','2022-03-23 19:41:09'),(292,'Diamond Schamberger','gabe.heathcote@example.net','2022-03-23 19:41:08','$2y$10$92IXUNpkjO0rOQ5byMi.Ye4oKoEa3Ro9llC/.og/at2.uheWG/igi','Dwv4mWR5hc','2022-03-23 19:41:09','2022-03-23 19:41:09'),(293,'Mr. Furman Reinger Sr.','ggislason@example.org','2022-03-23 19:41:08','$2y$10$92IXUNpkjO0rOQ5byMi.Ye4oKoEa3Ro9llC/.og/at2.uheWG/igi','M7keuoyn9T','2022-03-23 19:41:09','2022-03-23 19:41:09'),(294,'Rodrigo Doyle DDS','nlynch@example.com','2022-03-23 19:41:08','$2y$10$92IXUNpkjO0rOQ5byMi.Ye4oKoEa3Ro9llC/.og/at2.uheWG/igi','tQQdxaMFmp','2022-03-23 19:41:09','2022-03-23 19:41:09'),(295,'Jairo Block','grady.amelie@example.org','2022-03-23 19:41:08','$2y$10$92IXUNpkjO0rOQ5byMi.Ye4oKoEa3Ro9llC/.og/at2.uheWG/igi','kGJzvMDuck','2022-03-23 19:41:09','2022-03-23 19:41:09'),(296,'Velda Reynolds','ischuppe@example.org','2022-03-23 19:41:08','$2y$10$92IXUNpkjO0rOQ5byMi.Ye4oKoEa3Ro9llC/.og/at2.uheWG/igi','JsjXjsNBcX','2022-03-23 19:41:09','2022-03-23 19:41:09'),(297,'Jasmin Yost','mcglynn.flossie@example.org','2022-03-23 19:41:08','$2y$10$92IXUNpkjO0rOQ5byMi.Ye4oKoEa3Ro9llC/.og/at2.uheWG/igi','JKWMfjArJ0','2022-03-23 19:41:09','2022-03-23 19:41:09'),(298,'Luella Windler','batz.cary@example.net','2022-03-23 19:41:08','$2y$10$92IXUNpkjO0rOQ5byMi.Ye4oKoEa3Ro9llC/.og/at2.uheWG/igi','bXft1DjIXk','2022-03-23 19:41:09','2022-03-23 19:41:09'),(299,'Prof. Kiarra Gottlieb','oral.hane@example.org','2022-03-23 19:41:08','$2y$10$92IXUNpkjO0rOQ5byMi.Ye4oKoEa3Ro9llC/.og/at2.uheWG/igi','PCSS8TpVDW','2022-03-23 19:41:09','2022-03-23 19:41:09'),(300,'Nash Lesch DVM','creichert@example.com','2022-03-23 19:41:08','$2y$10$92IXUNpkjO0rOQ5byMi.Ye4oKoEa3Ro9llC/.og/at2.uheWG/igi','gz9pvrhWYS','2022-03-23 19:41:09','2022-03-23 19:41:09'),(301,'Dr. Lisandro Konopelski','virgie.jacobson@example.org','2022-03-23 19:41:08','$2y$10$92IXUNpkjO0rOQ5byMi.Ye4oKoEa3Ro9llC/.og/at2.uheWG/igi','D2mXucTX3l','2022-03-23 19:41:09','2022-03-23 19:41:09'),(302,'Quinton Batz','janice81@example.com','2022-03-23 19:41:08','$2y$10$92IXUNpkjO0rOQ5byMi.Ye4oKoEa3Ro9llC/.og/at2.uheWG/igi','xffdL8X0E3','2022-03-23 19:41:09','2022-03-23 19:41:09'),(303,'Ms. Andreane Schowalter','pablo.mraz@example.org','2022-03-23 19:41:08','$2y$10$92IXUNpkjO0rOQ5byMi.Ye4oKoEa3Ro9llC/.og/at2.uheWG/igi','wLDV5xLAh4','2022-03-23 19:41:09','2022-03-23 19:41:09'),(304,'Prof. Enid Wolff','mohamed.ondricka@example.net','2022-03-23 19:41:08','$2y$10$92IXUNpkjO0rOQ5byMi.Ye4oKoEa3Ro9llC/.og/at2.uheWG/igi','cnVKIQ5lgk','2022-03-23 19:41:09','2022-03-23 19:41:09'),(305,'Pamela Heathcote','kaela44@example.net','2022-03-23 19:41:08','$2y$10$92IXUNpkjO0rOQ5byMi.Ye4oKoEa3Ro9llC/.og/at2.uheWG/igi','vfdhnIiD9Q','2022-03-23 19:41:09','2022-03-23 19:41:09'),(306,'Lauren Hansen','diana.damore@example.com','2022-03-23 19:41:08','$2y$10$92IXUNpkjO0rOQ5byMi.Ye4oKoEa3Ro9llC/.og/at2.uheWG/igi','juZYZEtcYJ','2022-03-23 19:41:09','2022-03-23 19:41:09'),(307,'Diana Kutch','antwon71@example.net','2022-03-23 19:41:08','$2y$10$92IXUNpkjO0rOQ5byMi.Ye4oKoEa3Ro9llC/.og/at2.uheWG/igi','kCjXAhQRVZ','2022-03-23 19:41:09','2022-03-23 19:41:09'),(308,'Gaylord Collins','tkiehn@example.com','2022-03-23 19:41:08','$2y$10$92IXUNpkjO0rOQ5byMi.Ye4oKoEa3Ro9llC/.og/at2.uheWG/igi','0b0KRpEFpD','2022-03-23 19:41:09','2022-03-23 19:41:09'),(309,'Ryann Gerhold','rosetta.huel@example.net','2022-03-23 19:41:08','$2y$10$92IXUNpkjO0rOQ5byMi.Ye4oKoEa3Ro9llC/.og/at2.uheWG/igi','R1TduNJzr8','2022-03-23 19:41:09','2022-03-23 19:41:09'),(310,'Katrina Harber MD','hkilback@example.com','2022-03-23 19:41:08','$2y$10$92IXUNpkjO0rOQ5byMi.Ye4oKoEa3Ro9llC/.og/at2.uheWG/igi','o1i9Rpva62','2022-03-23 19:41:09','2022-03-23 19:41:09'),(311,'Kimberly Macejkovic','dschultz@example.org','2022-03-23 19:41:08','$2y$10$92IXUNpkjO0rOQ5byMi.Ye4oKoEa3Ro9llC/.og/at2.uheWG/igi','OECQsADF3z','2022-03-23 19:41:09','2022-03-23 19:41:09'),(312,'Paris O\'Keefe','kolby.barrows@example.org','2022-03-23 19:41:08','$2y$10$92IXUNpkjO0rOQ5byMi.Ye4oKoEa3Ro9llC/.og/at2.uheWG/igi','HeqnYHlWvA','2022-03-23 19:41:09','2022-03-23 19:41:09'),(313,'Miss Elva Keebler IV','fadel.isai@example.org','2022-03-23 19:41:08','$2y$10$92IXUNpkjO0rOQ5byMi.Ye4oKoEa3Ro9llC/.og/at2.uheWG/igi','1pjc4SPYj3','2022-03-23 19:41:09','2022-03-23 19:41:09'),(314,'Aryanna Wiegand','yprohaska@example.net','2022-03-23 19:41:08','$2y$10$92IXUNpkjO0rOQ5byMi.Ye4oKoEa3Ro9llC/.og/at2.uheWG/igi','gO2ZOw8Q95','2022-03-23 19:41:09','2022-03-23 19:41:09'),(315,'Dr. Samanta Friesen DDS','dsimonis@example.org','2022-03-23 19:41:08','$2y$10$92IXUNpkjO0rOQ5byMi.Ye4oKoEa3Ro9llC/.og/at2.uheWG/igi','7leVNt9vqW','2022-03-23 19:41:09','2022-03-23 19:41:09'),(316,'Krystel Swaniawski','antonia.batz@example.net','2022-03-23 19:41:08','$2y$10$92IXUNpkjO0rOQ5byMi.Ye4oKoEa3Ro9llC/.og/at2.uheWG/igi','HqpiNPQsmo','2022-03-23 19:41:09','2022-03-23 19:41:09'),(317,'Maverick Littel MD','bednar.claudie@example.net','2022-03-23 19:41:08','$2y$10$92IXUNpkjO0rOQ5byMi.Ye4oKoEa3Ro9llC/.og/at2.uheWG/igi','zEiatP2BEJ','2022-03-23 19:41:09','2022-03-23 19:41:09'),(318,'Frances Abernathy V','rita44@example.net','2022-03-23 19:41:08','$2y$10$92IXUNpkjO0rOQ5byMi.Ye4oKoEa3Ro9llC/.og/at2.uheWG/igi','Yrf5As4gVo','2022-03-23 19:41:09','2022-03-23 19:41:09'),(319,'Dr. Jeffery Lakin III','sabina58@example.org','2022-03-23 19:41:08','$2y$10$92IXUNpkjO0rOQ5byMi.Ye4oKoEa3Ro9llC/.og/at2.uheWG/igi','GqonWWjK4v','2022-03-23 19:41:09','2022-03-23 19:41:09'),(320,'Genevieve Hyatt III','johnson.barrett@example.org','2022-03-23 19:41:08','$2y$10$92IXUNpkjO0rOQ5byMi.Ye4oKoEa3Ro9llC/.og/at2.uheWG/igi','w3bb2FnNa5','2022-03-23 19:41:09','2022-03-23 19:41:09'),(321,'Steve Stokes','sallie.dicki@example.org','2022-03-23 19:42:58','$2y$10$92IXUNpkjO0rOQ5byMi.Ye4oKoEa3Ro9llC/.og/at2.uheWG/igi','n6o73RSyFT','2022-03-23 19:42:58','2022-03-23 19:42:58'),(322,'Leora Greenholt','hickle.maudie@example.org','2022-03-23 19:42:58','$2y$10$92IXUNpkjO0rOQ5byMi.Ye4oKoEa3Ro9llC/.og/at2.uheWG/igi','ZMsqBmLsWb','2022-03-23 19:42:58','2022-03-23 19:42:58'),(323,'Mercedes Kuhn','moriah.jacobi@example.com','2022-03-23 19:42:58','$2y$10$92IXUNpkjO0rOQ5byMi.Ye4oKoEa3Ro9llC/.og/at2.uheWG/igi','M2ff1CbZiw','2022-03-23 19:42:58','2022-03-23 19:42:58'),(324,'Giles Stamm','ucorwin@example.com','2022-03-23 19:42:58','$2y$10$92IXUNpkjO0rOQ5byMi.Ye4oKoEa3Ro9llC/.og/at2.uheWG/igi','VMtxkuNw1e','2022-03-23 19:42:58','2022-03-23 19:42:58'),(325,'Virginia Buckridge','eino38@example.org','2022-03-23 19:42:58','$2y$10$92IXUNpkjO0rOQ5byMi.Ye4oKoEa3Ro9llC/.og/at2.uheWG/igi','pX0jTuDVHm','2022-03-23 19:42:58','2022-03-23 19:42:58'),(326,'Sam Harris','fritsch.matteo@example.com','2022-03-23 19:42:58','$2y$10$92IXUNpkjO0rOQ5byMi.Ye4oKoEa3Ro9llC/.og/at2.uheWG/igi','RnC8E5fWQY','2022-03-23 19:42:58','2022-03-23 19:42:58'),(327,'Ms. Trycia Dickinson IV','agustin.hill@example.com','2022-03-23 19:42:58','$2y$10$92IXUNpkjO0rOQ5byMi.Ye4oKoEa3Ro9llC/.og/at2.uheWG/igi','tfCo9xyS4z','2022-03-23 19:42:58','2022-03-23 19:42:58'),(328,'Haven Beahan Sr.','muller.waylon@example.com','2022-03-23 19:42:58','$2y$10$92IXUNpkjO0rOQ5byMi.Ye4oKoEa3Ro9llC/.og/at2.uheWG/igi','rLwxgMtDRA','2022-03-23 19:42:58','2022-03-23 19:42:58'),(329,'Julien Botsford','ohegmann@example.com','2022-03-23 19:42:58','$2y$10$92IXUNpkjO0rOQ5byMi.Ye4oKoEa3Ro9llC/.og/at2.uheWG/igi','QcQMXgQwqP','2022-03-23 19:42:58','2022-03-23 19:42:58'),(330,'Tatyana Kihn','wolf.george@example.net','2022-03-23 19:42:58','$2y$10$92IXUNpkjO0rOQ5byMi.Ye4oKoEa3Ro9llC/.og/at2.uheWG/igi','P7mqgkNdmj','2022-03-23 19:42:58','2022-03-23 19:42:58'),(331,'Kolby Kautzer','wdickens@example.org','2022-03-23 19:42:58','$2y$10$92IXUNpkjO0rOQ5byMi.Ye4oKoEa3Ro9llC/.og/at2.uheWG/igi','c5UrAQXHes','2022-03-23 19:42:58','2022-03-23 19:42:58'),(332,'Wyman Corkery','kenyon.larson@example.net','2022-03-23 19:42:58','$2y$10$92IXUNpkjO0rOQ5byMi.Ye4oKoEa3Ro9llC/.og/at2.uheWG/igi','kIBHkIh34f','2022-03-23 19:42:58','2022-03-23 19:42:58'),(333,'Karianne Gulgowski I','hayes.robyn@example.org','2022-03-23 19:42:58','$2y$10$92IXUNpkjO0rOQ5byMi.Ye4oKoEa3Ro9llC/.og/at2.uheWG/igi','0o8Bz2ASHA','2022-03-23 19:42:58','2022-03-23 19:42:58'),(334,'Prof. Newton Heller','kacie61@example.net','2022-03-23 19:42:58','$2y$10$92IXUNpkjO0rOQ5byMi.Ye4oKoEa3Ro9llC/.og/at2.uheWG/igi','82CdXiT8KR','2022-03-23 19:42:58','2022-03-23 19:42:58'),(335,'Marjorie Greenholt','awiza@example.net','2022-03-23 19:42:58','$2y$10$92IXUNpkjO0rOQ5byMi.Ye4oKoEa3Ro9llC/.og/at2.uheWG/igi','K0gK7RzhN9','2022-03-23 19:42:58','2022-03-23 19:42:58'),(336,'Sabina Buckridge','claudia.bashirian@example.net','2022-03-23 19:42:58','$2y$10$92IXUNpkjO0rOQ5byMi.Ye4oKoEa3Ro9llC/.og/at2.uheWG/igi','ANxBcoxB5K','2022-03-23 19:42:58','2022-03-23 19:42:58'),(337,'Yvette Robel','moises.gaylord@example.org','2022-03-23 19:42:58','$2y$10$92IXUNpkjO0rOQ5byMi.Ye4oKoEa3Ro9llC/.og/at2.uheWG/igi','cW49YpnTBl','2022-03-23 19:42:58','2022-03-23 19:42:58'),(338,'Katharina Cruickshank PhD','devon20@example.org','2022-03-23 19:42:58','$2y$10$92IXUNpkjO0rOQ5byMi.Ye4oKoEa3Ro9llC/.og/at2.uheWG/igi','xS1Z7MTa5N','2022-03-23 19:42:58','2022-03-23 19:42:58'),(339,'Enrico Goldner','furman82@example.com','2022-03-23 19:42:58','$2y$10$92IXUNpkjO0rOQ5byMi.Ye4oKoEa3Ro9llC/.og/at2.uheWG/igi','InxGkMN4aP','2022-03-23 19:42:58','2022-03-23 19:42:58'),(340,'Prof. Ethyl Satterfield','hhoeger@example.org','2022-03-23 19:42:58','$2y$10$92IXUNpkjO0rOQ5byMi.Ye4oKoEa3Ro9llC/.og/at2.uheWG/igi','RtlaNdOk7n','2022-03-23 19:42:58','2022-03-23 19:42:58'),(341,'Dr. Kenneth Lehner','fwehner@example.net','2022-03-23 19:42:58','$2y$10$92IXUNpkjO0rOQ5byMi.Ye4oKoEa3Ro9llC/.og/at2.uheWG/igi','xrbR3TFy8f','2022-03-23 19:42:58','2022-03-23 19:42:58'),(342,'Isaiah Simonis','ron75@example.org','2022-03-23 19:42:58','$2y$10$92IXUNpkjO0rOQ5byMi.Ye4oKoEa3Ro9llC/.og/at2.uheWG/igi','Z5kvCJT5ue','2022-03-23 19:42:58','2022-03-23 19:42:58'),(343,'Dr. Chandler Hill Sr.','seichmann@example.org','2022-03-23 19:42:58','$2y$10$92IXUNpkjO0rOQ5byMi.Ye4oKoEa3Ro9llC/.og/at2.uheWG/igi','qAcl1zby0r','2022-03-23 19:42:58','2022-03-23 19:42:58'),(344,'Monserrate Buckridge','ihyatt@example.com','2022-03-23 19:42:58','$2y$10$92IXUNpkjO0rOQ5byMi.Ye4oKoEa3Ro9llC/.og/at2.uheWG/igi','CapNTQk4md','2022-03-23 19:42:58','2022-03-23 19:42:58'),(345,'Hellen Beier','maryam.gutkowski@example.org','2022-03-23 19:42:58','$2y$10$92IXUNpkjO0rOQ5byMi.Ye4oKoEa3Ro9llC/.og/at2.uheWG/igi','DAsGsfPRid','2022-03-23 19:42:58','2022-03-23 19:42:58'),(346,'Jailyn Dietrich','schamberger.fern@example.com','2022-03-23 19:42:58','$2y$10$92IXUNpkjO0rOQ5byMi.Ye4oKoEa3Ro9llC/.og/at2.uheWG/igi','soZGUIWSbT','2022-03-23 19:42:58','2022-03-23 19:42:58'),(347,'Norma Boyer Sr.','zdonnelly@example.net','2022-03-23 19:42:58','$2y$10$92IXUNpkjO0rOQ5byMi.Ye4oKoEa3Ro9llC/.og/at2.uheWG/igi','py10FORXdf','2022-03-23 19:42:59','2022-03-23 19:42:59'),(348,'Elna Rogahn','lou29@example.org','2022-03-23 19:42:58','$2y$10$92IXUNpkjO0rOQ5byMi.Ye4oKoEa3Ro9llC/.og/at2.uheWG/igi','cF9rND2Jjq','2022-03-23 19:42:59','2022-03-23 19:42:59'),(349,'Amara Torp PhD','krunolfsdottir@example.com','2022-03-23 19:42:58','$2y$10$92IXUNpkjO0rOQ5byMi.Ye4oKoEa3Ro9llC/.og/at2.uheWG/igi','CjjDh3Luen','2022-03-23 19:42:59','2022-03-23 19:42:59'),(350,'Dr. Shanna Bernhard','cremin.arvilla@example.com','2022-03-23 19:42:58','$2y$10$92IXUNpkjO0rOQ5byMi.Ye4oKoEa3Ro9llC/.og/at2.uheWG/igi','A3PAnQ15p8','2022-03-23 19:42:59','2022-03-23 19:42:59'),(351,'Neoma Johnston','augustine.block@example.net','2022-03-23 19:42:58','$2y$10$92IXUNpkjO0rOQ5byMi.Ye4oKoEa3Ro9llC/.og/at2.uheWG/igi','cbp2RVFeiv','2022-03-23 19:42:59','2022-03-23 19:42:59'),(352,'Arnaldo Beahan','kaleigh.murphy@example.net','2022-03-23 19:42:58','$2y$10$92IXUNpkjO0rOQ5byMi.Ye4oKoEa3Ro9llC/.og/at2.uheWG/igi','XYyrEa16UM','2022-03-23 19:42:59','2022-03-23 19:42:59'),(353,'Dwight Satterfield','ethyl95@example.org','2022-03-23 19:42:58','$2y$10$92IXUNpkjO0rOQ5byMi.Ye4oKoEa3Ro9llC/.og/at2.uheWG/igi','WyGuGozdu5','2022-03-23 19:42:59','2022-03-23 19:42:59'),(354,'Madyson Wehner','nbreitenberg@example.org','2022-03-23 19:42:58','$2y$10$92IXUNpkjO0rOQ5byMi.Ye4oKoEa3Ro9llC/.og/at2.uheWG/igi','9vQzn8EsbR','2022-03-23 19:42:59','2022-03-23 19:42:59'),(355,'Adrienne Douglas','isac69@example.org','2022-03-23 19:42:58','$2y$10$92IXUNpkjO0rOQ5byMi.Ye4oKoEa3Ro9llC/.og/at2.uheWG/igi','qNp8bzBZo3','2022-03-23 19:42:59','2022-03-23 19:42:59'),(356,'Pasquale Nicolas','nmiller@example.org','2022-03-23 19:42:58','$2y$10$92IXUNpkjO0rOQ5byMi.Ye4oKoEa3Ro9llC/.og/at2.uheWG/igi','xDMhyIhP5M','2022-03-23 19:42:59','2022-03-23 19:42:59'),(357,'Jeff Gutmann','alda77@example.org','2022-03-23 19:42:58','$2y$10$92IXUNpkjO0rOQ5byMi.Ye4oKoEa3Ro9llC/.og/at2.uheWG/igi','qru51Yx5MI','2022-03-23 19:42:59','2022-03-23 19:42:59'),(358,'Prof. Elmo Mitchell PhD','will.elva@example.org','2022-03-23 19:42:58','$2y$10$92IXUNpkjO0rOQ5byMi.Ye4oKoEa3Ro9llC/.og/at2.uheWG/igi','d9mKnvgDmo','2022-03-23 19:42:59','2022-03-23 19:42:59'),(359,'Shea Ledner','cary78@example.com','2022-03-23 19:42:58','$2y$10$92IXUNpkjO0rOQ5byMi.Ye4oKoEa3Ro9llC/.og/at2.uheWG/igi','KJacKHjDnk','2022-03-23 19:42:59','2022-03-23 19:42:59'),(360,'Rhett Auer','uquigley@example.net','2022-03-23 19:42:58','$2y$10$92IXUNpkjO0rOQ5byMi.Ye4oKoEa3Ro9llC/.og/at2.uheWG/igi','SxFhX8imkH','2022-03-23 19:42:59','2022-03-23 19:42:59'),(361,'Mr. Gerardo O\'Kon Sr.','joelle.deckow@example.org','2022-03-23 19:42:58','$2y$10$92IXUNpkjO0rOQ5byMi.Ye4oKoEa3Ro9llC/.og/at2.uheWG/igi','ynNiYL85yI','2022-03-23 19:42:59','2022-03-23 19:42:59'),(362,'Fredy Swift','ankunding.hudson@example.com','2022-03-23 19:42:58','$2y$10$92IXUNpkjO0rOQ5byMi.Ye4oKoEa3Ro9llC/.og/at2.uheWG/igi','4M3UrDwL7A','2022-03-23 19:42:59','2022-03-23 19:42:59'),(363,'Earnestine Berge','waters.zander@example.org','2022-03-23 19:42:58','$2y$10$92IXUNpkjO0rOQ5byMi.Ye4oKoEa3Ro9llC/.og/at2.uheWG/igi','wlumZyxU5T','2022-03-23 19:42:59','2022-03-23 19:42:59'),(364,'Ms. Minnie Volkman MD','qpfeffer@example.org','2022-03-23 19:42:58','$2y$10$92IXUNpkjO0rOQ5byMi.Ye4oKoEa3Ro9llC/.og/at2.uheWG/igi','JE9AjyFfJ9','2022-03-23 19:42:59','2022-03-23 19:42:59'),(365,'Judson Lehner V','lmarks@example.net','2022-03-23 19:42:58','$2y$10$92IXUNpkjO0rOQ5byMi.Ye4oKoEa3Ro9llC/.og/at2.uheWG/igi','phrf60Udrb','2022-03-23 19:42:59','2022-03-23 19:42:59'),(366,'Barry Fadel','sbatz@example.net','2022-03-23 19:42:58','$2y$10$92IXUNpkjO0rOQ5byMi.Ye4oKoEa3Ro9llC/.og/at2.uheWG/igi','YLqA54bTuV','2022-03-23 19:42:59','2022-03-23 19:42:59'),(367,'Marcella Tillman II','jeffry64@example.net','2022-03-23 19:42:58','$2y$10$92IXUNpkjO0rOQ5byMi.Ye4oKoEa3Ro9llC/.og/at2.uheWG/igi','GZavZBzbbw','2022-03-23 19:42:59','2022-03-23 19:42:59'),(368,'Mose Dickinson','ebartoletti@example.org','2022-03-23 19:42:58','$2y$10$92IXUNpkjO0rOQ5byMi.Ye4oKoEa3Ro9llC/.og/at2.uheWG/igi','g0aNQBuJut','2022-03-23 19:42:59','2022-03-23 19:42:59'),(369,'Beverly Schmidt','haven26@example.org','2022-03-23 19:42:58','$2y$10$92IXUNpkjO0rOQ5byMi.Ye4oKoEa3Ro9llC/.og/at2.uheWG/igi','ZHgDfXztvp','2022-03-23 19:42:59','2022-03-23 19:42:59'),(370,'Ms. Lacy Block Jr.','bprice@example.com','2022-03-23 19:42:58','$2y$10$92IXUNpkjO0rOQ5byMi.Ye4oKoEa3Ro9llC/.og/at2.uheWG/igi','oGBpvvJb9r','2022-03-23 19:42:59','2022-03-23 19:42:59'),(371,'Chester Heathcote','amos.turcotte@example.com','2022-03-23 19:42:58','$2y$10$92IXUNpkjO0rOQ5byMi.Ye4oKoEa3Ro9llC/.og/at2.uheWG/igi','Tpee8AyGYJ','2022-03-23 19:42:59','2022-03-23 19:42:59'),(372,'Ms. Alexa Mertz','thompson.autumn@example.com','2022-03-23 19:42:58','$2y$10$92IXUNpkjO0rOQ5byMi.Ye4oKoEa3Ro9llC/.og/at2.uheWG/igi','bfYjSAN2a8','2022-03-23 19:42:59','2022-03-23 19:42:59'),(373,'Chanel Gutkowski','leannon.onie@example.net','2022-03-23 19:42:58','$2y$10$92IXUNpkjO0rOQ5byMi.Ye4oKoEa3Ro9llC/.og/at2.uheWG/igi','H8k2cHzdKF','2022-03-23 19:42:59','2022-03-23 19:42:59'),(374,'Zachariah Casper','jmertz@example.org','2022-03-23 19:42:58','$2y$10$92IXUNpkjO0rOQ5byMi.Ye4oKoEa3Ro9llC/.og/at2.uheWG/igi','R82kVD4fpL','2022-03-23 19:42:59','2022-03-23 19:42:59'),(375,'Mr. Dominic Rau','asa.hilpert@example.org','2022-03-23 19:42:58','$2y$10$92IXUNpkjO0rOQ5byMi.Ye4oKoEa3Ro9llC/.og/at2.uheWG/igi','GgeOjSpEQB','2022-03-23 19:42:59','2022-03-23 19:42:59'),(376,'Suzanne Kshlerin PhD','bsanford@example.org','2022-03-23 19:42:58','$2y$10$92IXUNpkjO0rOQ5byMi.Ye4oKoEa3Ro9llC/.og/at2.uheWG/igi','pDfPtu5zSr','2022-03-23 19:42:59','2022-03-23 19:42:59'),(377,'Eden Hessel','josh.koss@example.org','2022-03-23 19:42:58','$2y$10$92IXUNpkjO0rOQ5byMi.Ye4oKoEa3Ro9llC/.og/at2.uheWG/igi','t8JHV7RgA5','2022-03-23 19:42:59','2022-03-23 19:42:59'),(378,'Prof. Kasey Dickens','annalise20@example.com','2022-03-23 19:42:58','$2y$10$92IXUNpkjO0rOQ5byMi.Ye4oKoEa3Ro9llC/.og/at2.uheWG/igi','hBAH8yS9dd','2022-03-23 19:42:59','2022-03-23 19:42:59'),(379,'Laverne Langworth','kylee21@example.com','2022-03-23 19:42:58','$2y$10$92IXUNpkjO0rOQ5byMi.Ye4oKoEa3Ro9llC/.og/at2.uheWG/igi','rLV9t9eKMG','2022-03-23 19:42:59','2022-03-23 19:42:59'),(380,'Mr. Julien DuBuque Jr.','kerluke.linwood@example.com','2022-03-23 19:42:58','$2y$10$92IXUNpkjO0rOQ5byMi.Ye4oKoEa3Ro9llC/.og/at2.uheWG/igi','Xk82w8hrhq','2022-03-23 19:42:59','2022-03-23 19:42:59'),(381,'Prof. Otilia Cronin V','edward05@example.org','2022-03-23 19:42:58','$2y$10$92IXUNpkjO0rOQ5byMi.Ye4oKoEa3Ro9llC/.og/at2.uheWG/igi','moNfoPsBfR','2022-03-23 19:42:59','2022-03-23 19:42:59'),(382,'Kathlyn Roob I','leffler.dayna@example.net','2022-03-23 19:42:58','$2y$10$92IXUNpkjO0rOQ5byMi.Ye4oKoEa3Ro9llC/.og/at2.uheWG/igi','FX2bbUuJkD','2022-03-23 19:42:59','2022-03-23 19:42:59'),(383,'Brenna Price','kevon16@example.org','2022-03-23 19:42:58','$2y$10$92IXUNpkjO0rOQ5byMi.Ye4oKoEa3Ro9llC/.og/at2.uheWG/igi','qL4kTwwPs4','2022-03-23 19:42:59','2022-03-23 19:42:59'),(384,'Donnie Wolff','owisoky@example.net','2022-03-23 19:42:58','$2y$10$92IXUNpkjO0rOQ5byMi.Ye4oKoEa3Ro9llC/.og/at2.uheWG/igi','n1j1tReWDq','2022-03-23 19:42:59','2022-03-23 19:42:59'),(385,'Lavonne Schamberger','turcotte.jerrell@example.com','2022-03-23 19:42:58','$2y$10$92IXUNpkjO0rOQ5byMi.Ye4oKoEa3Ro9llC/.og/at2.uheWG/igi','eoGbROtf4L','2022-03-23 19:42:59','2022-03-23 19:42:59'),(386,'Rylan Haag','bahringer.mallie@example.net','2022-03-23 19:42:58','$2y$10$92IXUNpkjO0rOQ5byMi.Ye4oKoEa3Ro9llC/.og/at2.uheWG/igi','ip0h3RUgPW','2022-03-23 19:42:59','2022-03-23 19:42:59'),(387,'Reva Goodwin','xzavier.carroll@example.com','2022-03-23 19:42:58','$2y$10$92IXUNpkjO0rOQ5byMi.Ye4oKoEa3Ro9llC/.og/at2.uheWG/igi','mYARBBcD3u','2022-03-23 19:42:59','2022-03-23 19:42:59'),(388,'Mya Douglas I','heber69@example.net','2022-03-23 19:42:58','$2y$10$92IXUNpkjO0rOQ5byMi.Ye4oKoEa3Ro9llC/.og/at2.uheWG/igi','kYtpa0eAKH','2022-03-23 19:42:59','2022-03-23 19:42:59'),(389,'Ellie Orn','clotilde59@example.org','2022-03-23 19:42:58','$2y$10$92IXUNpkjO0rOQ5byMi.Ye4oKoEa3Ro9llC/.og/at2.uheWG/igi','ALgh62IZmZ','2022-03-23 19:42:59','2022-03-23 19:42:59'),(390,'Mr. Connor Will','elta05@example.org','2022-03-23 19:42:58','$2y$10$92IXUNpkjO0rOQ5byMi.Ye4oKoEa3Ro9llC/.og/at2.uheWG/igi','O7HT903rsm','2022-03-23 19:42:59','2022-03-23 19:42:59'),(391,'Mr. Marcelino Hansen I','mikayla.kautzer@example.net','2022-03-23 19:42:58','$2y$10$92IXUNpkjO0rOQ5byMi.Ye4oKoEa3Ro9llC/.og/at2.uheWG/igi','KVTTeaSaOC','2022-03-23 19:42:59','2022-03-23 19:42:59'),(392,'Ms. Sydnie Trantow IV','pbruen@example.net','2022-03-23 19:42:58','$2y$10$92IXUNpkjO0rOQ5byMi.Ye4oKoEa3Ro9llC/.og/at2.uheWG/igi','uEyeGWjTQD','2022-03-23 19:42:59','2022-03-23 19:42:59'),(393,'Adelia Predovic','leannon.brandy@example.org','2022-03-23 19:42:58','$2y$10$92IXUNpkjO0rOQ5byMi.Ye4oKoEa3Ro9llC/.og/at2.uheWG/igi','jlm9W6IdKf','2022-03-23 19:42:59','2022-03-23 19:42:59'),(394,'Blair Harber','tierra.towne@example.org','2022-03-23 19:42:58','$2y$10$92IXUNpkjO0rOQ5byMi.Ye4oKoEa3Ro9llC/.og/at2.uheWG/igi','YNaSnbT7PD','2022-03-23 19:42:59','2022-03-23 19:42:59'),(395,'Faustino Mueller','fquitzon@example.org','2022-03-23 19:42:58','$2y$10$92IXUNpkjO0rOQ5byMi.Ye4oKoEa3Ro9llC/.og/at2.uheWG/igi','Q8ykD5Y7Rl','2022-03-23 19:42:59','2022-03-23 19:42:59'),(396,'Tyrese Gusikowski','russ.ratke@example.com','2022-03-23 19:42:58','$2y$10$92IXUNpkjO0rOQ5byMi.Ye4oKoEa3Ro9llC/.og/at2.uheWG/igi','uk8HXW7QOK','2022-03-23 19:42:59','2022-03-23 19:42:59'),(397,'Ms. Nova Gleichner III','maureen11@example.com','2022-03-23 19:42:58','$2y$10$92IXUNpkjO0rOQ5byMi.Ye4oKoEa3Ro9llC/.og/at2.uheWG/igi','Cir39cRmwm','2022-03-23 19:42:59','2022-03-23 19:42:59'),(398,'Silas Sporer','vschroeder@example.net','2022-03-23 19:42:58','$2y$10$92IXUNpkjO0rOQ5byMi.Ye4oKoEa3Ro9llC/.og/at2.uheWG/igi','YTU6pFg2dP','2022-03-23 19:42:59','2022-03-23 19:42:59'),(399,'Pearlie Powlowski','rodger66@example.net','2022-03-23 19:42:58','$2y$10$92IXUNpkjO0rOQ5byMi.Ye4oKoEa3Ro9llC/.og/at2.uheWG/igi','yxmVjtSsmA','2022-03-23 19:42:59','2022-03-23 19:42:59'),(400,'Una Effertz','nhane@example.net','2022-03-23 19:42:58','$2y$10$92IXUNpkjO0rOQ5byMi.Ye4oKoEa3Ro9llC/.og/at2.uheWG/igi','7TRv2pPaoJ','2022-03-23 19:42:59','2022-03-23 19:42:59'),(401,'Margret Wunsch','polly.hansen@example.org','2022-03-23 19:42:58','$2y$10$92IXUNpkjO0rOQ5byMi.Ye4oKoEa3Ro9llC/.og/at2.uheWG/igi','lS3jg2jvo3','2022-03-23 19:42:59','2022-03-23 19:42:59'),(402,'Mr. Kelton Blanda','hkeebler@example.com','2022-03-23 19:42:58','$2y$10$92IXUNpkjO0rOQ5byMi.Ye4oKoEa3Ro9llC/.og/at2.uheWG/igi','cJ2SjGWP1R','2022-03-23 19:42:59','2022-03-23 19:42:59'),(403,'Jessyca Weimann','elvera57@example.net','2022-03-23 19:42:58','$2y$10$92IXUNpkjO0rOQ5byMi.Ye4oKoEa3Ro9llC/.og/at2.uheWG/igi','0b8IemsAMJ','2022-03-23 19:42:59','2022-03-23 19:42:59'),(404,'Melba Boehm Sr.','agustin31@example.org','2022-03-23 19:42:58','$2y$10$92IXUNpkjO0rOQ5byMi.Ye4oKoEa3Ro9llC/.og/at2.uheWG/igi','slFolWrhKM','2022-03-23 19:42:59','2022-03-23 19:42:59'),(405,'Florencio Ratke PhD','kemmer.waino@example.com','2022-03-23 19:42:58','$2y$10$92IXUNpkjO0rOQ5byMi.Ye4oKoEa3Ro9llC/.og/at2.uheWG/igi','FaXJ6MUrR4','2022-03-23 19:42:59','2022-03-23 19:42:59'),(406,'Nat Torphy','sstehr@example.com','2022-03-23 19:42:58','$2y$10$92IXUNpkjO0rOQ5byMi.Ye4oKoEa3Ro9llC/.og/at2.uheWG/igi','lA2OfbuRO9','2022-03-23 19:42:59','2022-03-23 19:42:59'),(407,'Mrs. Cleora Willms DVM','derick.quigley@example.org','2022-03-23 19:42:58','$2y$10$92IXUNpkjO0rOQ5byMi.Ye4oKoEa3Ro9llC/.og/at2.uheWG/igi','9dgms1hYFi','2022-03-23 19:42:59','2022-03-23 19:42:59'),(408,'Mrs. Dorothy Rau IV','zveum@example.org','2022-03-23 19:42:58','$2y$10$92IXUNpkjO0rOQ5byMi.Ye4oKoEa3Ro9llC/.og/at2.uheWG/igi','tKsBte2OYH','2022-03-23 19:42:59','2022-03-23 19:42:59'),(409,'Alexander Funk Sr.','bergstrom.oliver@example.com','2022-03-23 19:42:58','$2y$10$92IXUNpkjO0rOQ5byMi.Ye4oKoEa3Ro9llC/.og/at2.uheWG/igi','RffFsrZSLV','2022-03-23 19:42:59','2022-03-23 19:42:59'),(410,'Dereck Rice Jr.','roberts.elsie@example.net','2022-03-23 19:42:58','$2y$10$92IXUNpkjO0rOQ5byMi.Ye4oKoEa3Ro9llC/.og/at2.uheWG/igi','A2rZeYpgzj','2022-03-23 19:42:59','2022-03-23 19:42:59'),(411,'Mrs. Magnolia Hamill','cristian08@example.org','2022-03-23 19:42:58','$2y$10$92IXUNpkjO0rOQ5byMi.Ye4oKoEa3Ro9llC/.og/at2.uheWG/igi','kgd42GE2aY','2022-03-23 19:42:59','2022-03-23 19:42:59'),(412,'Wade Sanford','ksatterfield@example.org','2022-03-23 19:42:58','$2y$10$92IXUNpkjO0rOQ5byMi.Ye4oKoEa3Ro9llC/.og/at2.uheWG/igi','MebF6g8zGK','2022-03-23 19:42:59','2022-03-23 19:42:59'),(413,'Jovan Wehner','eloisa71@example.net','2022-03-23 19:42:58','$2y$10$92IXUNpkjO0rOQ5byMi.Ye4oKoEa3Ro9llC/.og/at2.uheWG/igi','SRJSrY1aQ5','2022-03-23 19:42:59','2022-03-23 19:42:59'),(414,'Jabari Schowalter I','berneice19@example.org','2022-03-23 19:42:58','$2y$10$92IXUNpkjO0rOQ5byMi.Ye4oKoEa3Ro9llC/.og/at2.uheWG/igi','QMlRbNx6iz','2022-03-23 19:42:59','2022-03-23 19:42:59'),(415,'Laurie Rau','guadalupe44@example.com','2022-03-23 19:42:58','$2y$10$92IXUNpkjO0rOQ5byMi.Ye4oKoEa3Ro9llC/.og/at2.uheWG/igi','TszWFR8bHE','2022-03-23 19:42:59','2022-03-23 19:42:59'),(416,'Dr. Cordell Kuvalis','charlene19@example.com','2022-03-23 19:42:58','$2y$10$92IXUNpkjO0rOQ5byMi.Ye4oKoEa3Ro9llC/.og/at2.uheWG/igi','LfWG5neM6n','2022-03-23 19:42:59','2022-03-23 19:42:59'),(417,'Brannon Reynolds','misael.turcotte@example.com','2022-03-23 19:42:58','$2y$10$92IXUNpkjO0rOQ5byMi.Ye4oKoEa3Ro9llC/.og/at2.uheWG/igi','N4FvnseCsb','2022-03-23 19:42:59','2022-03-23 19:42:59'),(418,'Oma Lynch','lakin.ethelyn@example.org','2022-03-23 19:42:58','$2y$10$92IXUNpkjO0rOQ5byMi.Ye4oKoEa3Ro9llC/.og/at2.uheWG/igi','ZsdfxwmIxH','2022-03-23 19:42:59','2022-03-23 19:42:59'),(419,'Mrs. Catharine Wehner I','jensen.pagac@example.com','2022-03-23 19:42:58','$2y$10$92IXUNpkjO0rOQ5byMi.Ye4oKoEa3Ro9llC/.og/at2.uheWG/igi','dIpJ2u7N8A','2022-03-23 19:42:59','2022-03-23 19:42:59'),(420,'Dr. Kaley Crona','weber.efren@example.com','2022-03-23 19:42:58','$2y$10$92IXUNpkjO0rOQ5byMi.Ye4oKoEa3Ro9llC/.og/at2.uheWG/igi','3J5zDcRREg','2022-03-23 19:42:59','2022-03-23 19:42:59'),(421,'Prof. Jace Connelly PhD','golda.hamill@example.com','2022-03-23 19:43:16','$2y$10$92IXUNpkjO0rOQ5byMi.Ye4oKoEa3Ro9llC/.og/at2.uheWG/igi','VwHd4vLuyg','2022-03-23 19:43:16','2022-03-23 19:43:16'),(422,'Brigitte Rolfson','nfeest@example.com','2022-03-23 19:43:16','$2y$10$92IXUNpkjO0rOQ5byMi.Ye4oKoEa3Ro9llC/.og/at2.uheWG/igi','OgtxLLxBJW','2022-03-23 19:43:16','2022-03-23 19:43:16'),(423,'Tracey Kuphal','frami.hunter@example.org','2022-03-23 19:43:16','$2y$10$92IXUNpkjO0rOQ5byMi.Ye4oKoEa3Ro9llC/.og/at2.uheWG/igi','WjljNllz3B','2022-03-23 19:43:16','2022-03-23 19:43:16'),(424,'Domingo Koss','jkuphal@example.org','2022-03-23 19:43:16','$2y$10$92IXUNpkjO0rOQ5byMi.Ye4oKoEa3Ro9llC/.og/at2.uheWG/igi','60mO6YIu3Z','2022-03-23 19:43:16','2022-03-23 19:43:16'),(425,'Kaleb Rohan','zstanton@example.com','2022-03-23 19:43:16','$2y$10$92IXUNpkjO0rOQ5byMi.Ye4oKoEa3Ro9llC/.og/at2.uheWG/igi','EU90yDDklH','2022-03-23 19:43:16','2022-03-23 19:43:16'),(426,'Rosalinda Mosciski','csmith@example.com','2022-03-23 19:43:16','$2y$10$92IXUNpkjO0rOQ5byMi.Ye4oKoEa3Ro9llC/.og/at2.uheWG/igi','S4l1G44vCN','2022-03-23 19:43:16','2022-03-23 19:43:16'),(427,'Hipolito Brown','cara.waters@example.com','2022-03-23 19:43:16','$2y$10$92IXUNpkjO0rOQ5byMi.Ye4oKoEa3Ro9llC/.og/at2.uheWG/igi','mLpmFvKBUB','2022-03-23 19:43:16','2022-03-23 19:43:16'),(428,'Joel Gorczany PhD','lila22@example.net','2022-03-23 19:43:16','$2y$10$92IXUNpkjO0rOQ5byMi.Ye4oKoEa3Ro9llC/.og/at2.uheWG/igi','VhsPTVwfWh','2022-03-23 19:43:16','2022-03-23 19:43:16'),(429,'Anita Ledner','kiel66@example.net','2022-03-23 19:43:16','$2y$10$92IXUNpkjO0rOQ5byMi.Ye4oKoEa3Ro9llC/.og/at2.uheWG/igi','cMzOIyUizH','2022-03-23 19:43:16','2022-03-23 19:43:16'),(430,'Ms. Dianna O\'Hara','addie.kulas@example.org','2022-03-23 19:43:16','$2y$10$92IXUNpkjO0rOQ5byMi.Ye4oKoEa3Ro9llC/.og/at2.uheWG/igi','xDltBX5Z88','2022-03-23 19:43:16','2022-03-23 19:43:16'),(431,'Jany Thompson','madisyn.luettgen@example.net','2022-03-23 19:43:16','$2y$10$92IXUNpkjO0rOQ5byMi.Ye4oKoEa3Ro9llC/.og/at2.uheWG/igi','LI1K58mzuD','2022-03-23 19:43:16','2022-03-23 19:43:16'),(432,'Justice Kassulke III','cicero.schinner@example.org','2022-03-23 19:43:16','$2y$10$92IXUNpkjO0rOQ5byMi.Ye4oKoEa3Ro9llC/.og/at2.uheWG/igi','lICjhtJ3h3','2022-03-23 19:43:16','2022-03-23 19:43:16'),(433,'Jacynthe Ritchie','spencer.russell@example.net','2022-03-23 19:43:16','$2y$10$92IXUNpkjO0rOQ5byMi.Ye4oKoEa3Ro9llC/.og/at2.uheWG/igi','X8v9PvfBmw','2022-03-23 19:43:16','2022-03-23 19:43:16'),(434,'Prof. Raul Maggio','gwelch@example.com','2022-03-23 19:43:16','$2y$10$92IXUNpkjO0rOQ5byMi.Ye4oKoEa3Ro9llC/.og/at2.uheWG/igi','H0htdJgGYB','2022-03-23 19:43:16','2022-03-23 19:43:16'),(435,'Miss Kirsten Reynolds IV','durgan.frederique@example.org','2022-03-23 19:43:16','$2y$10$92IXUNpkjO0rOQ5byMi.Ye4oKoEa3Ro9llC/.og/at2.uheWG/igi','qifBwQLEVY','2022-03-23 19:43:16','2022-03-23 19:43:16'),(436,'Maxime Gulgowski','jacky.auer@example.net','2022-03-23 19:43:16','$2y$10$92IXUNpkjO0rOQ5byMi.Ye4oKoEa3Ro9llC/.og/at2.uheWG/igi','BNfUeENerh','2022-03-23 19:43:16','2022-03-23 19:43:16'),(437,'Kelli Nitzsche','aokuneva@example.com','2022-03-23 19:43:16','$2y$10$92IXUNpkjO0rOQ5byMi.Ye4oKoEa3Ro9llC/.og/at2.uheWG/igi','wGE8hf6kz2','2022-03-23 19:43:16','2022-03-23 19:43:16'),(438,'Columbus Hyatt','funk.kaylah@example.org','2022-03-23 19:43:16','$2y$10$92IXUNpkjO0rOQ5byMi.Ye4oKoEa3Ro9llC/.og/at2.uheWG/igi','dLdVlsl7K2','2022-03-23 19:43:16','2022-03-23 19:43:16'),(439,'Bernadette Zboncak','ward.kaylah@example.net','2022-03-23 19:43:16','$2y$10$92IXUNpkjO0rOQ5byMi.Ye4oKoEa3Ro9llC/.og/at2.uheWG/igi','jmuSXTKQcn','2022-03-23 19:43:16','2022-03-23 19:43:16'),(440,'Prof. Violet Senger','tamara31@example.com','2022-03-23 19:43:16','$2y$10$92IXUNpkjO0rOQ5byMi.Ye4oKoEa3Ro9llC/.og/at2.uheWG/igi','Gr0TeC2m9o','2022-03-23 19:43:16','2022-03-23 19:43:16'),(441,'Prof. Miguel Walker DDS','august24@example.com','2022-03-23 19:43:16','$2y$10$92IXUNpkjO0rOQ5byMi.Ye4oKoEa3Ro9llC/.og/at2.uheWG/igi','iVXZhXpixa','2022-03-23 19:43:16','2022-03-23 19:43:16'),(442,'Mrs. Josie Wolff IV','jenifer.wilderman@example.net','2022-03-23 19:43:16','$2y$10$92IXUNpkjO0rOQ5byMi.Ye4oKoEa3Ro9llC/.og/at2.uheWG/igi','OsqTdU7BYa','2022-03-23 19:43:16','2022-03-23 19:43:16'),(443,'Ella Rowe','mueller.jermain@example.com','2022-03-23 19:43:16','$2y$10$92IXUNpkjO0rOQ5byMi.Ye4oKoEa3Ro9llC/.og/at2.uheWG/igi','qcAuUKz7RD','2022-03-23 19:43:16','2022-03-23 19:43:16'),(444,'Dr. Annabell Lubowitz','jrempel@example.com','2022-03-23 19:43:16','$2y$10$92IXUNpkjO0rOQ5byMi.Ye4oKoEa3Ro9llC/.og/at2.uheWG/igi','JfMrpU8CaE','2022-03-23 19:43:16','2022-03-23 19:43:16'),(445,'Prof. Lyda Boyer','carleton.walsh@example.net','2022-03-23 19:43:16','$2y$10$92IXUNpkjO0rOQ5byMi.Ye4oKoEa3Ro9llC/.og/at2.uheWG/igi','eGfjTgp3QD','2022-03-23 19:43:16','2022-03-23 19:43:16'),(446,'Mr. Angel Dickens','alisha98@example.org','2022-03-23 19:43:16','$2y$10$92IXUNpkjO0rOQ5byMi.Ye4oKoEa3Ro9llC/.og/at2.uheWG/igi','vmWsE39YqT','2022-03-23 19:43:16','2022-03-23 19:43:16'),(447,'Emory Cormier','keeling.kelli@example.net','2022-03-23 19:43:16','$2y$10$92IXUNpkjO0rOQ5byMi.Ye4oKoEa3Ro9llC/.og/at2.uheWG/igi','zynMpELJnR','2022-03-23 19:43:16','2022-03-23 19:43:16'),(448,'Josh Pagac','elmo66@example.org','2022-03-23 19:43:16','$2y$10$92IXUNpkjO0rOQ5byMi.Ye4oKoEa3Ro9llC/.og/at2.uheWG/igi','CSMLXAEHHH','2022-03-23 19:43:16','2022-03-23 19:43:16'),(449,'Izaiah Zulauf','alexandria.kuphal@example.com','2022-03-23 19:43:16','$2y$10$92IXUNpkjO0rOQ5byMi.Ye4oKoEa3Ro9llC/.og/at2.uheWG/igi','XNBrBkxO1q','2022-03-23 19:43:16','2022-03-23 19:43:16'),(450,'Mr. Peter Schmidt DDS','neoma40@example.org','2022-03-23 19:43:16','$2y$10$92IXUNpkjO0rOQ5byMi.Ye4oKoEa3Ro9llC/.og/at2.uheWG/igi','D84mtNIGdP','2022-03-23 19:43:16','2022-03-23 19:43:16'),(451,'Dr. Emmitt Brakus','gibson.rudolph@example.net','2022-03-23 19:43:16','$2y$10$92IXUNpkjO0rOQ5byMi.Ye4oKoEa3Ro9llC/.og/at2.uheWG/igi','QisXk01U2p','2022-03-23 19:43:16','2022-03-23 19:43:16'),(452,'Dr. Agustin Bergstrom','alda.harber@example.org','2022-03-23 19:43:16','$2y$10$92IXUNpkjO0rOQ5byMi.Ye4oKoEa3Ro9llC/.og/at2.uheWG/igi','3tCOePo8JA','2022-03-23 19:43:16','2022-03-23 19:43:16'),(453,'Lawrence Bechtelar','mwisozk@example.net','2022-03-23 19:43:16','$2y$10$92IXUNpkjO0rOQ5byMi.Ye4oKoEa3Ro9llC/.og/at2.uheWG/igi','hNoPyB4QCq','2022-03-23 19:43:16','2022-03-23 19:43:16'),(454,'Bailey Cronin','mable.ullrich@example.org','2022-03-23 19:43:16','$2y$10$92IXUNpkjO0rOQ5byMi.Ye4oKoEa3Ro9llC/.og/at2.uheWG/igi','tVpBI08L41','2022-03-23 19:43:16','2022-03-23 19:43:16'),(455,'Dr. Cristian Ondricka','dusty47@example.org','2022-03-23 19:43:16','$2y$10$92IXUNpkjO0rOQ5byMi.Ye4oKoEa3Ro9llC/.og/at2.uheWG/igi','8kbNOFfg8i','2022-03-23 19:43:16','2022-03-23 19:43:16'),(456,'Jeanne Torphy','keshaun.hamill@example.com','2022-03-23 19:43:16','$2y$10$92IXUNpkjO0rOQ5byMi.Ye4oKoEa3Ro9llC/.og/at2.uheWG/igi','1gOO3crKwd','2022-03-23 19:43:16','2022-03-23 19:43:16'),(457,'Godfrey Carter','macejkovic.donato@example.net','2022-03-23 19:43:16','$2y$10$92IXUNpkjO0rOQ5byMi.Ye4oKoEa3Ro9llC/.og/at2.uheWG/igi','U6c4p3c1JK','2022-03-23 19:43:16','2022-03-23 19:43:16'),(458,'Erna Larkin','bogan.sandy@example.org','2022-03-23 19:43:16','$2y$10$92IXUNpkjO0rOQ5byMi.Ye4oKoEa3Ro9llC/.og/at2.uheWG/igi','pjdFo1HcyH','2022-03-23 19:43:16','2022-03-23 19:43:16'),(459,'Shaina Daniel','justen.nicolas@example.org','2022-03-23 19:43:16','$2y$10$92IXUNpkjO0rOQ5byMi.Ye4oKoEa3Ro9llC/.og/at2.uheWG/igi','nc2yVtgGps','2022-03-23 19:43:16','2022-03-23 19:43:16'),(460,'Kathryn Heidenreich','eden.leuschke@example.net','2022-03-23 19:43:16','$2y$10$92IXUNpkjO0rOQ5byMi.Ye4oKoEa3Ro9llC/.og/at2.uheWG/igi','T4yGODRk7X','2022-03-23 19:43:16','2022-03-23 19:43:16'),(461,'Dr. Stephon Willms II','abdullah64@example.com','2022-03-23 19:43:16','$2y$10$92IXUNpkjO0rOQ5byMi.Ye4oKoEa3Ro9llC/.og/at2.uheWG/igi','HNNAEqPDLn','2022-03-23 19:43:16','2022-03-23 19:43:16'),(462,'Erna Gusikowski','alyce.botsford@example.net','2022-03-23 19:43:16','$2y$10$92IXUNpkjO0rOQ5byMi.Ye4oKoEa3Ro9llC/.og/at2.uheWG/igi','fHUrkWCkbm','2022-03-23 19:43:16','2022-03-23 19:43:16'),(463,'Karl Vandervort','rbeier@example.org','2022-03-23 19:43:16','$2y$10$92IXUNpkjO0rOQ5byMi.Ye4oKoEa3Ro9llC/.og/at2.uheWG/igi','EW3N4DIQ5e','2022-03-23 19:43:16','2022-03-23 19:43:16'),(464,'Walker Wolff','katelin.armstrong@example.com','2022-03-23 19:43:16','$2y$10$92IXUNpkjO0rOQ5byMi.Ye4oKoEa3Ro9llC/.og/at2.uheWG/igi','42AsYnCA0r','2022-03-23 19:43:16','2022-03-23 19:43:16'),(465,'Ms. Alexanne Crist','haskell98@example.org','2022-03-23 19:43:16','$2y$10$92IXUNpkjO0rOQ5byMi.Ye4oKoEa3Ro9llC/.og/at2.uheWG/igi','FheoSt11zh','2022-03-23 19:43:17','2022-03-23 19:43:17'),(466,'Mrs. Cheyanne Harvey','jhauck@example.org','2022-03-23 19:43:16','$2y$10$92IXUNpkjO0rOQ5byMi.Ye4oKoEa3Ro9llC/.og/at2.uheWG/igi','XLRzX85Hji','2022-03-23 19:43:17','2022-03-23 19:43:17'),(467,'Oda Krajcik','wellington.kertzmann@example.com','2022-03-23 19:43:16','$2y$10$92IXUNpkjO0rOQ5byMi.Ye4oKoEa3Ro9llC/.og/at2.uheWG/igi','qml4smK9Ve','2022-03-23 19:43:17','2022-03-23 19:43:17'),(468,'Rey Moen','ibauch@example.com','2022-03-23 19:43:16','$2y$10$92IXUNpkjO0rOQ5byMi.Ye4oKoEa3Ro9llC/.og/at2.uheWG/igi','GZXTvrtbv6','2022-03-23 19:43:17','2022-03-23 19:43:17'),(469,'Jaylon Hills','wsipes@example.net','2022-03-23 19:43:16','$2y$10$92IXUNpkjO0rOQ5byMi.Ye4oKoEa3Ro9llC/.og/at2.uheWG/igi','P5JrWuLl8u','2022-03-23 19:43:17','2022-03-23 19:43:17'),(470,'Eladio Turcotte','xpredovic@example.com','2022-03-23 19:43:16','$2y$10$92IXUNpkjO0rOQ5byMi.Ye4oKoEa3Ro9llC/.og/at2.uheWG/igi','yCtlO54jEd','2022-03-23 19:43:17','2022-03-23 19:43:17'),(471,'Lincoln Bashirian V','rrowe@example.org','2022-03-23 19:43:16','$2y$10$92IXUNpkjO0rOQ5byMi.Ye4oKoEa3Ro9llC/.og/at2.uheWG/igi','uCXJw04wHe','2022-03-23 19:43:17','2022-03-23 19:43:17'),(472,'Nikita Lowe','pattie64@example.org','2022-03-23 19:43:16','$2y$10$92IXUNpkjO0rOQ5byMi.Ye4oKoEa3Ro9llC/.og/at2.uheWG/igi','tFPBGnvpFq','2022-03-23 19:43:17','2022-03-23 19:43:17'),(473,'Casimer Watsica','damore.kailee@example.org','2022-03-23 19:43:16','$2y$10$92IXUNpkjO0rOQ5byMi.Ye4oKoEa3Ro9llC/.og/at2.uheWG/igi','RD6G7lIVAd','2022-03-23 19:43:17','2022-03-23 19:43:17'),(474,'Prof. Murl Medhurst','cecelia.dach@example.org','2022-03-23 19:43:16','$2y$10$92IXUNpkjO0rOQ5byMi.Ye4oKoEa3Ro9llC/.og/at2.uheWG/igi','stelnh96ew','2022-03-23 19:43:17','2022-03-23 19:43:17'),(475,'Prof. Cordell Brown I','nicolas.lavern@example.net','2022-03-23 19:43:16','$2y$10$92IXUNpkjO0rOQ5byMi.Ye4oKoEa3Ro9llC/.og/at2.uheWG/igi','Xq7ZuhN1Yf','2022-03-23 19:43:17','2022-03-23 19:43:17'),(476,'Elody Ruecker','rice.grover@example.net','2022-03-23 19:43:16','$2y$10$92IXUNpkjO0rOQ5byMi.Ye4oKoEa3Ro9llC/.og/at2.uheWG/igi','9WN92Lmhcc','2022-03-23 19:43:17','2022-03-23 19:43:17'),(477,'Prof. Christ Koelpin','libby89@example.com','2022-03-23 19:43:16','$2y$10$92IXUNpkjO0rOQ5byMi.Ye4oKoEa3Ro9llC/.og/at2.uheWG/igi','l0hOnkUDRB','2022-03-23 19:43:17','2022-03-23 19:43:17'),(478,'Otho Konopelski V','casper.lavada@example.net','2022-03-23 19:43:16','$2y$10$92IXUNpkjO0rOQ5byMi.Ye4oKoEa3Ro9llC/.og/at2.uheWG/igi','LgZ8JlPZMj','2022-03-23 19:43:17','2022-03-23 19:43:17'),(479,'Giles Herman','zsipes@example.org','2022-03-23 19:43:16','$2y$10$92IXUNpkjO0rOQ5byMi.Ye4oKoEa3Ro9llC/.og/at2.uheWG/igi','2tjv4aUw4u','2022-03-23 19:43:17','2022-03-23 19:43:17'),(480,'Hanna Olson PhD','ocie.hahn@example.org','2022-03-23 19:43:16','$2y$10$92IXUNpkjO0rOQ5byMi.Ye4oKoEa3Ro9llC/.og/at2.uheWG/igi','B7rmlMUCuK','2022-03-23 19:43:17','2022-03-23 19:43:17'),(481,'Brice Simonis','cheyanne80@example.net','2022-03-23 19:43:16','$2y$10$92IXUNpkjO0rOQ5byMi.Ye4oKoEa3Ro9llC/.og/at2.uheWG/igi','pFesbYzcGF','2022-03-23 19:43:17','2022-03-23 19:43:17'),(482,'Aleen Von','lucious20@example.org','2022-03-23 19:43:16','$2y$10$92IXUNpkjO0rOQ5byMi.Ye4oKoEa3Ro9llC/.og/at2.uheWG/igi','IUZac59rDD','2022-03-23 19:43:17','2022-03-23 19:43:17'),(483,'Austin Rippin','cornell60@example.org','2022-03-23 19:43:16','$2y$10$92IXUNpkjO0rOQ5byMi.Ye4oKoEa3Ro9llC/.og/at2.uheWG/igi','wxrFSLxcm5','2022-03-23 19:43:17','2022-03-23 19:43:17'),(484,'Dr. Rashad Shields DVM','qortiz@example.com','2022-03-23 19:43:16','$2y$10$92IXUNpkjO0rOQ5byMi.Ye4oKoEa3Ro9llC/.og/at2.uheWG/igi','s0jnqSMLMu','2022-03-23 19:43:17','2022-03-23 19:43:17'),(485,'Ignatius Kuhn','corine17@example.org','2022-03-23 19:43:16','$2y$10$92IXUNpkjO0rOQ5byMi.Ye4oKoEa3Ro9llC/.og/at2.uheWG/igi','I59BtcyTQV','2022-03-23 19:43:17','2022-03-23 19:43:17'),(486,'Vesta Hermann','marion96@example.com','2022-03-23 19:43:16','$2y$10$92IXUNpkjO0rOQ5byMi.Ye4oKoEa3Ro9llC/.og/at2.uheWG/igi','mn1sAgGC97','2022-03-23 19:43:17','2022-03-23 19:43:17'),(487,'Laney Morissette','hegmann.lawrence@example.net','2022-03-23 19:43:16','$2y$10$92IXUNpkjO0rOQ5byMi.Ye4oKoEa3Ro9llC/.og/at2.uheWG/igi','hKGuEh36jq','2022-03-23 19:43:17','2022-03-23 19:43:17'),(488,'Rubye Macejkovic','jakubowski.lucious@example.org','2022-03-23 19:43:16','$2y$10$92IXUNpkjO0rOQ5byMi.Ye4oKoEa3Ro9llC/.og/at2.uheWG/igi','a26Z2aTw7E','2022-03-23 19:43:17','2022-03-23 19:43:17'),(489,'Monica Wilderman DDS','rbednar@example.org','2022-03-23 19:43:16','$2y$10$92IXUNpkjO0rOQ5byMi.Ye4oKoEa3Ro9llC/.og/at2.uheWG/igi','yj0iEFWkoZ','2022-03-23 19:43:17','2022-03-23 19:43:17'),(490,'Nelda Ratke II','mcdermott.chloe@example.org','2022-03-23 19:43:16','$2y$10$92IXUNpkjO0rOQ5byMi.Ye4oKoEa3Ro9llC/.og/at2.uheWG/igi','niUyHka1do','2022-03-23 19:43:17','2022-03-23 19:43:17'),(491,'Brody Daugherty I','modesta.donnelly@example.net','2022-03-23 19:43:16','$2y$10$92IXUNpkjO0rOQ5byMi.Ye4oKoEa3Ro9llC/.og/at2.uheWG/igi','Fvvyo8DUqX','2022-03-23 19:43:17','2022-03-23 19:43:17'),(492,'Griffin Rolfson','nelle.lueilwitz@example.net','2022-03-23 19:43:16','$2y$10$92IXUNpkjO0rOQ5byMi.Ye4oKoEa3Ro9llC/.og/at2.uheWG/igi','gN6mzl78Zf','2022-03-23 19:43:17','2022-03-23 19:43:17'),(493,'Kody Bednar','carlotta69@example.net','2022-03-23 19:43:16','$2y$10$92IXUNpkjO0rOQ5byMi.Ye4oKoEa3Ro9llC/.og/at2.uheWG/igi','3OSFdR4LGj','2022-03-23 19:43:17','2022-03-23 19:43:17'),(494,'Kelsie Goyette','kayley47@example.com','2022-03-23 19:43:16','$2y$10$92IXUNpkjO0rOQ5byMi.Ye4oKoEa3Ro9llC/.og/at2.uheWG/igi','56XMbmmX6D','2022-03-23 19:43:17','2022-03-23 19:43:17'),(495,'Lenora Crooks','casey06@example.net','2022-03-23 19:43:16','$2y$10$92IXUNpkjO0rOQ5byMi.Ye4oKoEa3Ro9llC/.og/at2.uheWG/igi','U82rWdycVm','2022-03-23 19:43:17','2022-03-23 19:43:17'),(496,'Mrs. Twila Jacobi','boyer.micah@example.com','2022-03-23 19:43:16','$2y$10$92IXUNpkjO0rOQ5byMi.Ye4oKoEa3Ro9llC/.og/at2.uheWG/igi','RAa7lnhICc','2022-03-23 19:43:17','2022-03-23 19:43:17'),(497,'Dr. Willis Adams I','mtillman@example.net','2022-03-23 19:43:16','$2y$10$92IXUNpkjO0rOQ5byMi.Ye4oKoEa3Ro9llC/.og/at2.uheWG/igi','rowZugHT6v','2022-03-23 19:43:17','2022-03-23 19:43:17'),(498,'Myrna Robel','ena.hagenes@example.net','2022-03-23 19:43:16','$2y$10$92IXUNpkjO0rOQ5byMi.Ye4oKoEa3Ro9llC/.og/at2.uheWG/igi','K6pAEb0Jzw','2022-03-23 19:43:17','2022-03-23 19:43:17'),(499,'Willis Watsica','mustafa.hansen@example.org','2022-03-23 19:43:16','$2y$10$92IXUNpkjO0rOQ5byMi.Ye4oKoEa3Ro9llC/.og/at2.uheWG/igi','NWz1LnPhsI','2022-03-23 19:43:17','2022-03-23 19:43:17'),(500,'Gene Conroy Sr.','ngusikowski@example.com','2022-03-23 19:43:16','$2y$10$92IXUNpkjO0rOQ5byMi.Ye4oKoEa3Ro9llC/.og/at2.uheWG/igi','YwNdv4ggkw','2022-03-23 19:43:17','2022-03-23 19:43:17'),(501,'Parker Jacobson','igislason@example.com','2022-03-23 19:43:16','$2y$10$92IXUNpkjO0rOQ5byMi.Ye4oKoEa3Ro9llC/.og/at2.uheWG/igi','H3DV8RqgnL','2022-03-23 19:43:17','2022-03-23 19:43:17'),(502,'Mrs. Antonina Koepp DVM','martin62@example.org','2022-03-23 19:43:16','$2y$10$92IXUNpkjO0rOQ5byMi.Ye4oKoEa3Ro9llC/.og/at2.uheWG/igi','M2huqgWNQl','2022-03-23 19:43:17','2022-03-23 19:43:17'),(503,'Logan Deckow','beatty.viola@example.org','2022-03-23 19:43:16','$2y$10$92IXUNpkjO0rOQ5byMi.Ye4oKoEa3Ro9llC/.og/at2.uheWG/igi','4Z9ywTkSuG','2022-03-23 19:43:17','2022-03-23 19:43:17'),(504,'Eldred Stoltenberg','marcellus35@example.net','2022-03-23 19:43:16','$2y$10$92IXUNpkjO0rOQ5byMi.Ye4oKoEa3Ro9llC/.og/at2.uheWG/igi','1vFcouQCGy','2022-03-23 19:43:17','2022-03-23 19:43:17'),(505,'Jaydon Hilpert','kernser@example.net','2022-03-23 19:43:16','$2y$10$92IXUNpkjO0rOQ5byMi.Ye4oKoEa3Ro9llC/.og/at2.uheWG/igi','xEnwwxAPMw','2022-03-23 19:43:17','2022-03-23 19:43:17'),(506,'Charley Dibbert','joanie.hirthe@example.org','2022-03-23 19:43:16','$2y$10$92IXUNpkjO0rOQ5byMi.Ye4oKoEa3Ro9llC/.og/at2.uheWG/igi','l53oSQuyTq','2022-03-23 19:43:17','2022-03-23 19:43:17'),(507,'Velda Lindgren','evangeline.okon@example.net','2022-03-23 19:43:16','$2y$10$92IXUNpkjO0rOQ5byMi.Ye4oKoEa3Ro9llC/.og/at2.uheWG/igi','FJvNa56665','2022-03-23 19:43:17','2022-03-23 19:43:17'),(508,'Lempi Gerlach','enrico41@example.org','2022-03-23 19:43:16','$2y$10$92IXUNpkjO0rOQ5byMi.Ye4oKoEa3Ro9llC/.og/at2.uheWG/igi','LI42WHGOfT','2022-03-23 19:43:17','2022-03-23 19:43:17'),(509,'Dr. Kameron Goldner Sr.','leann.vandervort@example.net','2022-03-23 19:43:16','$2y$10$92IXUNpkjO0rOQ5byMi.Ye4oKoEa3Ro9llC/.og/at2.uheWG/igi','NDV0hJNnMw','2022-03-23 19:43:17','2022-03-23 19:43:17'),(510,'Ludwig Conroy','stanton.chasity@example.com','2022-03-23 19:43:16','$2y$10$92IXUNpkjO0rOQ5byMi.Ye4oKoEa3Ro9llC/.og/at2.uheWG/igi','fUbBbngJKl','2022-03-23 19:43:17','2022-03-23 19:43:17'),(511,'Ardith Wisozk','randal.stamm@example.com','2022-03-23 19:43:16','$2y$10$92IXUNpkjO0rOQ5byMi.Ye4oKoEa3Ro9llC/.og/at2.uheWG/igi','Zeqy0jxHWw','2022-03-23 19:43:17','2022-03-23 19:43:17'),(512,'Prof. Lurline Rogahn DVM','tglover@example.com','2022-03-23 19:43:16','$2y$10$92IXUNpkjO0rOQ5byMi.Ye4oKoEa3Ro9llC/.og/at2.uheWG/igi','ojfhjHHndS','2022-03-23 19:43:17','2022-03-23 19:43:17'),(513,'Savion Stamm','cbotsford@example.org','2022-03-23 19:43:16','$2y$10$92IXUNpkjO0rOQ5byMi.Ye4oKoEa3Ro9llC/.og/at2.uheWG/igi','hzsJYMT0zR','2022-03-23 19:43:17','2022-03-23 19:43:17'),(514,'Miss Lia Jones Jr.','fsporer@example.net','2022-03-23 19:43:16','$2y$10$92IXUNpkjO0rOQ5byMi.Ye4oKoEa3Ro9llC/.og/at2.uheWG/igi','e6e6wv9Vkc','2022-03-23 19:43:17','2022-03-23 19:43:17'),(515,'German Muller','vlemke@example.org','2022-03-23 19:43:16','$2y$10$92IXUNpkjO0rOQ5byMi.Ye4oKoEa3Ro9llC/.og/at2.uheWG/igi','TZa2zCAN2O','2022-03-23 19:43:17','2022-03-23 19:43:17'),(516,'Dr. Felix Christiansen','frami.ofelia@example.org','2022-03-23 19:43:16','$2y$10$92IXUNpkjO0rOQ5byMi.Ye4oKoEa3Ro9llC/.og/at2.uheWG/igi','g16LUWtsv2','2022-03-23 19:43:17','2022-03-23 19:43:17'),(517,'Kamren Kerluke','aubree.barton@example.com','2022-03-23 19:43:16','$2y$10$92IXUNpkjO0rOQ5byMi.Ye4oKoEa3Ro9llC/.og/at2.uheWG/igi','ftOOp9oIkp','2022-03-23 19:43:17','2022-03-23 19:43:17'),(518,'Lane Lehner','emile.glover@example.net','2022-03-23 19:43:16','$2y$10$92IXUNpkjO0rOQ5byMi.Ye4oKoEa3Ro9llC/.og/at2.uheWG/igi','MyNq6a8gCU','2022-03-23 19:43:17','2022-03-23 19:43:17'),(519,'Edna Hintz','vickie20@example.org','2022-03-23 19:43:16','$2y$10$92IXUNpkjO0rOQ5byMi.Ye4oKoEa3Ro9llC/.og/at2.uheWG/igi','QpW2RcCRbO','2022-03-23 19:43:17','2022-03-23 19:43:17'),(520,'Dr. Alycia Ratke PhD','adaniel@example.org','2022-03-23 19:43:16','$2y$10$92IXUNpkjO0rOQ5byMi.Ye4oKoEa3Ro9llC/.og/at2.uheWG/igi','Rg7lSfsoNg','2022-03-23 19:43:17','2022-03-23 19:43:17'),(521,'asdad','email@ejemplo',NULL,'generico',NULL,NULL,NULL),(525,'','email@ejemplo',NULL,'generico',NULL,NULL,NULL),(526,'romero','email@ejemplo',NULL,'generico',NULL,NULL,NULL);
/*!40000 ALTER TABLE `users` ENABLE KEYS */;
UNLOCK TABLES;
/*!40103 SET TIME_ZONE=@OLD_TIME_ZONE */;

/*!40101 SET SQL_MODE=@OLD_SQL_MODE */;
/*!40014 SET FOREIGN_KEY_CHECKS=@OLD_FOREIGN_KEY_CHECKS */;
/*!40014 SET UNIQUE_CHECKS=@OLD_UNIQUE_CHECKS */;
/*!40101 SET CHARACTER_SET_CLIENT=@OLD_CHARACTER_SET_CLIENT */;
/*!40101 SET CHARACTER_SET_RESULTS=@OLD_CHARACTER_SET_RESULTS */;
/*!40101 SET COLLATION_CONNECTION=@OLD_COLLATION_CONNECTION */;
/*!40111 SET SQL_NOTES=@OLD_SQL_NOTES */;

-- Dump completed on 2022-03-28 20:37:59
